sequence,v115@fgA8DeA8CeC8CeG8CeH8BeH8AeI8AeI8AeF8Je0rIv?hFFuIXvIzxIixIm7I5FJ,v115@fgA8DeA8CeC8CeG8CeH8BeH8AeI8AeI8AeF8Je0rIv?hFmsIFuIXvIi2Iz7I5FJ
TILJSZO,X,X
TILJSOZ,X,X
TILJZSO,X,X
TILJZOS,X,X
TILJOSZ,X,X
TILJOZS,X,X
TILSJZO,X,X
TILSJOZ,X,X
TILSZJO,X,X
TILSZOJ,X,X
TILSOJZ,X,X
TILSOZJ,X,X
TILZJSO,X,X
TILZJOS,X,X
TILZSJO,X,X
TILZSOJ,X,X
TILZOJS,X,X
TILZOSJ,X,X
TILOJSZ,X,X
TILOJZS,X,X
TILOSJZ,X,X
TILOSZJ,X,X
TILOZJS,X,X
TILOZSJ,X,X
TIJLSZO,X,X
TIJLSOZ,X,X
TIJLZSO,X,X
TIJLZOS,X,X
TIJLOSZ,X,X
TIJLOZS,X,X
TIJSLZO,X,X
TIJSLOZ,X,X
TIJSZLO,X,X
TIJSZOL,O,X
TIJSOLZ,X,X
TIJSOZL,O,X
TIJZLSO,X,X
TIJZLOS,X,X
TIJZSLO,X,X
TIJZSOL,O,X
TIJZOLS,X,X
TIJZOSL,O,X
TIJOLSZ,X,X
TIJOLZS,X,X
TIJOSLZ,X,X
TIJOSZL,O,X
TIJOZLS,X,X
TIJOZSL,O,X
TISLJZO,X,X
TISLJOZ,X,X
TISLZJO,X,X
TISLZOJ,X,X
TISLOJZ,X,X
TISLOZJ,X,X
TISJLZO,X,X
TISJLOZ,X,X
TISJZLO,X,X
TISJZOL,O,X
TISJOLZ,X,X
TISJOZL,O,X
TISZLJO,X,X
TISZLOJ,X,X
TISZJLO,X,X
TISZJOL,O,X
TISZOLJ,X,X
TISZOJL,X,X
TISOLJZ,X,X
TISOLZJ,X,X
TISOJLZ,X,X
TISOJZL,X,X
TISOZLJ,X,X
TISOZJL,X,X
TIZLJSO,X,X
TIZLJOS,X,X
TIZLSJO,X,X
TIZLSOJ,X,X
TIZLOJS,X,X
TIZLOSJ,X,X
TIZJLSO,X,X
TIZJLOS,X,X
TIZJSLO,X,X
TIZJSOL,O,X
TIZJOLS,X,X
TIZJOSL,O,X
TIZSLJO,X,X
TIZSLOJ,X,X
TIZSJLO,X,X
TIZSJOL,O,X
TIZSOLJ,X,X
TIZSOJL,X,X
TIZOLJS,X,X
TIZOLSJ,X,X
TIZOJLS,X,X
TIZOJSL,X,X
TIZOSLJ,X,X
TIZOSJL,X,X
TIOLJSZ,X,X
TIOLJZS,X,X
TIOLSJZ,X,X
TIOLSZJ,X,X
TIOLZJS,X,X
TIOLZSJ,X,X
TIOJLSZ,X,X
TIOJLZS,X,X
TIOJSLZ,X,X
TIOJSZL,X,X
TIOJZLS,X,X
TIOJZSL,X,X
TIOSLJZ,X,X
TIOSLZJ,X,X
TIOSJLZ,X,X
TIOSJZL,X,X
TIOSZLJ,X,X
TIOSZJL,X,X
TIOZLJS,X,X
TIOZLSJ,X,X
TIOZJLS,X,X
TIOZJSL,X,X
TIOZSLJ,X,X
TIOZSJL,X,X
TLIJSZO,X,X
TLIJSOZ,X,X
TLIJZSO,X,X
TLIJZOS,X,X
TLIJOSZ,X,X
TLIJOZS,X,X
TLISJZO,X,X
TLISJOZ,X,X
TLISZJO,X,X
TLISZOJ,X,X
TLISOJZ,X,X
TLISOZJ,X,X
TLIZJSO,X,X
TLIZJOS,X,X
TLIZSJO,X,X
TLIZSOJ,X,X
TLIZOJS,X,X
TLIZOSJ,X,X
TLIOJSZ,X,X
TLIOJZS,X,X
TLIOSJZ,X,X
TLIOSZJ,X,X
TLIOZJS,X,X
TLIOZSJ,X,X
TLJISZO,X,X
TLJISOZ,X,X
TLJIZSO,X,X
TLJIZOS,X,X
TLJIOSZ,X,X
TLJIOZS,X,X
TLJSIZO,X,X
TLJSIOZ,X,X
TLJSZIO,X,X
TLJSZOI,X,X
TLJSOIZ,X,X
TLJSOZI,X,X
TLJZISO,X,X
TLJZIOS,X,X
TLJZSIO,X,X
TLJZSOI,X,X
TLJZOIS,X,X
TLJZOSI,X,X
TLJOISZ,X,X
TLJOIZS,X,X
TLJOSIZ,X,X
TLJOSZI,X,X
TLJOZIS,X,X
TLJOZSI,X,X
TLSIJZO,X,X
TLSIJOZ,X,X
TLSIZJO,X,X
TLSIZOJ,X,X
TLSIOJZ,X,X
TLSIOZJ,X,X
TLSJIZO,X,X
TLSJIOZ,X,X
TLSJZIO,X,X
TLSJZOI,X,X
TLSJOIZ,X,X
TLSJOZI,X,X
TLSZIJO,X,X
TLSZIOJ,X,X
TLSZJIO,X,X
TLSZJOI,X,X
TLSZOIJ,X,O
TLSZOJI,X,O
TLSOIJZ,X,O
TLSOIZJ,X,O
TLSOJIZ,X,X
TLSOJZI,X,O
TLSOZIJ,X,O
TLSOZJI,X,O
TLZIJSO,X,X
TLZIJOS,X,X
TLZISJO,X,X
TLZISOJ,X,X
TLZIOJS,X,X
TLZIOSJ,X,X
TLZJISO,X,X
TLZJIOS,X,X
TLZJSIO,X,X
TLZJSOI,X,X
TLZJOIS,X,X
TLZJOSI,X,X
TLZSIJO,X,X
TLZSIOJ,X,X
TLZSJIO,X,X
TLZSJOI,X,X
TLZSOIJ,X,O
TLZSOJI,X,O
TLZOIJS,X,O
TLZOISJ,X,O
TLZOJIS,X,X
TLZOJSI,X,O
TLZOSIJ,X,O
TLZOSJI,X,O
TLOIJSZ,X,O
TLOIJZS,X,O
TLOISJZ,X,O
TLOISZJ,X,O
TLOIZJS,X,O
TLOIZSJ,X,O
TLOJISZ,X,X
TLOJIZS,X,X
TLOJSIZ,X,X
TLOJSZI,X,O
TLOJZIS,X,X
TLOJZSI,X,O
TLOSIJZ,X,O
TLOSIZJ,X,O
TLOSJIZ,X,X
TLOSJZI,X,O
TLOSZIJ,X,O
TLOSZJI,X,O
TLOZIJS,X,O
TLOZISJ,X,O
TLOZJIS,X,X
TLOZJSI,X,O
TLOZSIJ,X,O
TLOZSJI,X,O
TJILSZO,X,X
TJILSOZ,X,X
TJILZSO,X,X
TJILZOS,X,X
TJILOSZ,X,X
TJILOZS,X,X
TJISLZO,X,X
TJISLOZ,X,X
TJISZLO,X,X
TJISZOL,O,X
TJISOLZ,X,X
TJISOZL,O,X
TJIZLSO,X,X
TJIZLOS,X,X
TJIZSLO,X,X
TJIZSOL,O,X
TJIZOLS,X,X
TJIZOSL,O,X
TJIOLSZ,X,X
TJIOLZS,X,X
TJIOSLZ,X,X
TJIOSZL,O,X
TJIOZLS,X,X
TJIOZSL,O,X
TJLISZO,X,X
TJLISOZ,X,X
TJLIZSO,X,X
TJLIZOS,X,X
TJLIOSZ,X,X
TJLIOZS,X,X
TJLSIZO,X,X
TJLSIOZ,X,X
TJLSZIO,X,X
TJLSZOI,X,X
TJLSOIZ,X,X
TJLSOZI,X,X
TJLZISO,X,X
TJLZIOS,X,X
TJLZSIO,X,X
TJLZSOI,X,X
TJLZOIS,X,X
TJLZOSI,X,X
TJLOISZ,X,X
TJLOIZS,X,X
TJLOSIZ,X,X
TJLOSZI,X,X
TJLOZIS,X,X
TJLOZSI,X,X
TJSILZO,X,X
TJSILOZ,X,X
TJSIZLO,X,X
TJSIZOL,O,X
TJSIOLZ,X,X
TJSIOZL,O,X
TJSLIZO,X,X
TJSLIOZ,X,X
TJSLZIO,X,X
TJSLZOI,X,X
TJSLOIZ,X,X
TJSLOZI,X,X
TJSZILO,X,X
TJSZIOL,O,X
TJSZLIO,X,X
TJSZLOI,X,X
TJSZOIL,X,X
TJSZOLI,O,X
TJSOILZ,X,X
TJSOIZL,X,X
TJSOLIZ,X,X
TJSOLZI,X,X
TJSOZIL,X,X
TJSOZLI,O,X
TJZILSO,X,X
TJZILOS,X,X
TJZISLO,X,X
TJZISOL,O,X
TJZIOLS,X,X
TJZIOSL,O,X
TJZLISO,X,X
TJZLIOS,X,X
TJZLSIO,X,X
TJZLSOI,X,X
TJZLOIS,X,X
TJZLOSI,X,X
TJZSILO,X,X
TJZSIOL,O,X
TJZSLIO,X,X
TJZSLOI,X,X
TJZSOIL,X,X
TJZSOLI,O,X
TJZOILS,X,X
TJZOISL,X,X
TJZOLIS,X,X
TJZOLSI,X,X
TJZOSIL,X,X
TJZOSLI,O,X
TJOILSZ,X,X
TJOILZS,X,X
TJOISLZ,X,X
TJOISZL,X,X
TJOIZLS,X,X
TJOIZSL,X,X
TJOLISZ,X,X
TJOLIZS,X,X
TJOLSIZ,X,X
TJOLSZI,X,X
TJOLZIS,X,X
TJOLZSI,X,X
TJOSILZ,X,X
TJOSIZL,X,X
TJOSLIZ,X,X
TJOSLZI,X,X
TJOSZIL,X,X
TJOSZLI,O,X
TJOZILS,X,X
TJOZISL,X,X
TJOZLIS,X,X
TJOZLSI,X,X
TJOZSIL,X,X
TJOZSLI,O,X
TSILJZO,X,X
TSILJOZ,X,X
TSILZJO,X,X
TSILZOJ,X,X
TSILOJZ,X,X
TSILOZJ,X,X
TSIJLZO,X,X
TSIJLOZ,X,X
TSIJZLO,X,X
TSIJZOL,O,X
TSIJOLZ,X,X
TSIJOZL,O,X
TSIZLJO,X,X
TSIZLOJ,X,X
TSIZJLO,X,X
TSIZJOL,O,X
TSIZOLJ,X,X
TSIZOJL,X,X
TSIOLJZ,X,X
TSIOLZJ,X,X
TSIOJLZ,X,X
TSIOJZL,X,X
TSIOZLJ,X,X
TSIOZJL,X,X
TSLIJZO,X,X
TSLIJOZ,X,X
TSLIZJO,X,X
TSLIZOJ,X,X
TSLIOJZ,X,X
TSLIOZJ,X,X
TSLJIZO,X,X
TSLJIOZ,X,X
TSLJZIO,X,X
TSLJZOI,X,X
TSLJOIZ,X,X
TSLJOZI,X,X
TSLZIJO,X,X
TSLZIOJ,X,X
TSLZJIO,X,X
TSLZJOI,X,X
TSLZOIJ,X,O
TSLZOJI,X,O
TSLOIJZ,X,O
TSLOIZJ,X,O
TSLOJIZ,X,X
TSLOJZI,X,O
TSLOZIJ,X,O
TSLOZJI,X,O
TSJILZO,X,X
TSJILOZ,X,X
TSJIZLO,X,X
TSJIZOL,O,X
TSJIOLZ,X,X
TSJIOZL,O,X
TSJLIZO,X,X
TSJLIOZ,X,X
TSJLZIO,X,X
TSJLZOI,X,X
TSJLOIZ,X,X
TSJLOZI,X,X
TSJZILO,X,X
TSJZIOL,O,X
TSJZLIO,X,X
TSJZLOI,X,X
TSJZOIL,X,X
TSJZOLI,O,X
TSJOILZ,X,X
TSJOIZL,X,X
TSJOLIZ,X,X
TSJOLZI,X,X
TSJOZIL,X,X
TSJOZLI,O,X
TSZILJO,X,X
TSZILOJ,X,X
TSZIJLO,X,X
TSZIJOL,O,X
TSZIOLJ,X,X
TSZIOJL,X,X
TSZLIJO,X,X
TSZLIOJ,X,X
TSZLJIO,X,X
TSZLJOI,X,X
TSZLOIJ,X,O
TSZLOJI,X,O
TSZJILO,X,X
TSZJIOL,O,X
TSZJLIO,X,X
TSZJLOI,X,X
TSZJOIL,X,X
TSZJOLI,O,X
TSZOILJ,X,X
TSZOIJL,X,X
TSZOLIJ,X,O
TSZOLJI,X,O
TSZOJIL,X,X
TSZOJLI,X,X
TSOILJZ,X,X
TSOILZJ,X,X
TSOIJLZ,X,X
TSOIJZL,X,X
TSOIZLJ,X,X
TSOIZJL,X,X
TSOLIJZ,X,O
TSOLIZJ,X,O
TSOLJIZ,X,X
TSOLJZI,X,O
TSOLZIJ,X,O
TSOLZJI,X,O
TSOJILZ,X,X
TSOJIZL,X,X
TSOJLIZ,X,X
TSOJLZI,X,X
TSOJZIL,X,X
TSOJZLI,X,X
TSOZILJ,X,X
TSOZIJL,X,X
TSOZLIJ,X,O
TSOZLJI,X,O
TSOZJIL,X,X
TSOZJLI,X,X
TZILJSO,X,X
TZILJOS,X,X
TZILSJO,X,X
TZILSOJ,X,X
TZILOJS,X,X
TZILOSJ,X,X
TZIJLSO,X,X
TZIJLOS,X,X
TZIJSLO,X,X
TZIJSOL,O,X
TZIJOLS,X,X
TZIJOSL,O,X
TZISLJO,X,X
TZISLOJ,X,X
TZISJLO,X,X
TZISJOL,O,X
TZISOLJ,X,X
TZISOJL,X,X
TZIOLJS,X,X
TZIOLSJ,X,X
TZIOJLS,X,X
TZIOJSL,X,X
TZIOSLJ,X,X
TZIOSJL,X,X
TZLIJSO,X,X
TZLIJOS,X,X
TZLISJO,X,X
TZLISOJ,X,X
TZLIOJS,X,X
TZLIOSJ,X,X
TZLJISO,X,X
TZLJIOS,X,X
TZLJSIO,X,X
TZLJSOI,X,X
TZLJOIS,X,X
TZLJOSI,X,X
TZLSIJO,X,X
TZLSIOJ,X,X
TZLSJIO,X,X
TZLSJOI,X,X
TZLSOIJ,X,O
TZLSOJI,X,O
TZLOIJS,X,O
TZLOISJ,X,O
TZLOJIS,X,X
TZLOJSI,X,O
TZLOSIJ,X,O
TZLOSJI,X,O
TZJILSO,X,X
TZJILOS,X,X
TZJISLO,X,X
TZJISOL,O,X
TZJIOLS,X,X
TZJIOSL,O,X
TZJLISO,X,X
TZJLIOS,X,X
TZJLSIO,X,X
TZJLSOI,X,X
TZJLOIS,X,X
TZJLOSI,X,X
TZJSILO,X,X
TZJSIOL,O,X
TZJSLIO,X,X
TZJSLOI,X,X
TZJSOIL,X,X
TZJSOLI,O,X
TZJOILS,X,X
TZJOISL,X,X
TZJOLIS,X,X
TZJOLSI,X,X
TZJOSIL,X,X
TZJOSLI,O,X
TZSILJO,X,X
TZSILOJ,X,X
TZSIJLO,X,X
TZSIJOL,O,X
TZSIOLJ,X,X
TZSIOJL,X,X
TZSLIJO,X,X
TZSLIOJ,X,X
TZSLJIO,X,X
TZSLJOI,X,X
TZSLOIJ,X,O
TZSLOJI,X,O
TZSJILO,X,X
TZSJIOL,O,X
TZSJLIO,X,X
TZSJLOI,X,X
TZSJOIL,X,X
TZSJOLI,O,X
TZSOILJ,X,X
TZSOIJL,X,X
TZSOLIJ,X,O
TZSOLJI,X,O
TZSOJIL,X,X
TZSOJLI,X,X
TZOILJS,X,X
TZOILSJ,X,X
TZOIJLS,X,X
TZOIJSL,X,X
TZOISLJ,X,X
TZOISJL,X,X
TZOLIJS,X,O
TZOLISJ,X,O
TZOLJIS,X,X
TZOLJSI,X,O
TZOLSIJ,X,O
TZOLSJI,X,O
TZOJILS,X,X
TZOJISL,X,X
TZOJLIS,X,X
TZOJLSI,X,X
TZOJSIL,X,X
TZOJSLI,X,X
TZOSILJ,X,X
TZOSIJL,X,X
TZOSLIJ,X,O
TZOSLJI,X,O
TZOSJIL,X,X
TZOSJLI,X,X
TOILJSZ,X,X
TOILJZS,X,X
TOILSJZ,X,X
TOILSZJ,X,X
TOILZJS,X,X
TOILZSJ,X,X
TOIJLSZ,X,X
TOIJLZS,X,X
TOIJSLZ,X,X
TOIJSZL,X,X
TOIJZLS,X,X
TOIJZSL,X,X
TOISLJZ,X,X
TOISLZJ,X,X
TOISJLZ,X,X
TOISJZL,X,X
TOISZLJ,X,X
TOISZJL,X,X
TOIZLJS,X,X
TOIZLSJ,X,X
TOIZJLS,X,X
TOIZJSL,X,X
TOIZSLJ,X,X
TOIZSJL,X,X
TOLIJSZ,X,O
TOLIJZS,X,O
TOLISJZ,X,O
TOLISZJ,X,O
TOLIZJS,X,O
TOLIZSJ,X,O
TOLJISZ,X,X
TOLJIZS,X,X
TOLJSIZ,X,X
TOLJSZI,X,O
TOLJZIS,X,X
TOLJZSI,X,O
TOLSIJZ,X,O
TOLSIZJ,X,O
TOLSJIZ,X,X
TOLSJZI,X,O
TOLSZIJ,X,O
TOLSZJI,X,O
TOLZIJS,X,O
TOLZISJ,X,O
TOLZJIS,X,X
TOLZJSI,X,O
TOLZSIJ,X,O
TOLZSJI,X,O
TOJILSZ,X,X
TOJILZS,X,X
TOJISLZ,X,X
TOJISZL,X,X
TOJIZLS,X,X
TOJIZSL,X,X
TOJLISZ,X,X
TOJLIZS,X,X
TOJLSIZ,X,X
TOJLSZI,X,X
TOJLZIS,X,X
TOJLZSI,X,X
TOJSILZ,X,X
TOJSIZL,X,X
TOJSLIZ,X,X
TOJSLZI,X,X
TOJSZIL,X,X
TOJSZLI,X,X
TOJZILS,X,X
TOJZISL,X,X
TOJZLIS,X,X
TOJZLSI,X,X
TOJZSIL,X,X
TOJZSLI,X,X
TOSILJZ,X,X
TOSILZJ,X,X
TOSIJLZ,X,X
TOSIJZL,X,X
TOSIZLJ,X,X
TOSIZJL,X,X
TOSLIJZ,X,O
TOSLIZJ,X,O
TOSLJIZ,X,X
TOSLJZI,X,O
TOSLZIJ,X,O
TOSLZJI,X,O
TOSJILZ,X,X
TOSJIZL,X,X
TOSJLIZ,X,X
TOSJLZI,X,X
TOSJZIL,X,X
TOSJZLI,X,X
TOSZILJ,X,X
TOSZIJL,X,X
TOSZLIJ,X,O
TOSZLJI,X,O
TOSZJIL,X,X
TOSZJLI,X,X
TOZILJS,X,X
TOZILSJ,X,X
TOZIJLS,X,X
TOZIJSL,X,X
TOZISLJ,X,X
TOZISJL,X,X
TOZLIJS,X,O
TOZLISJ,X,O
TOZLJIS,X,X
TOZLJSI,X,O
TOZLSIJ,X,O
TOZLSJI,X,O
TOZJILS,X,X
TOZJISL,X,X
TOZJLIS,X,X
TOZJLSI,X,X
TOZJSIL,X,X
TOZJSLI,X,X
TOZSILJ,X,X
TOZSIJL,X,X
TOZSLIJ,X,O
TOZSLJI,X,O
TOZSJIL,X,X
TOZSJLI,X,X
ITLJSZO,X,X
ITLJSOZ,X,X
ITLJZSO,X,X
ITLJZOS,X,X
ITLJOSZ,X,X
ITLJOZS,X,X
ITLSJZO,X,X
ITLSJOZ,X,X
ITLSZJO,X,X
ITLSZOJ,X,X
ITLSOJZ,X,X
ITLSOZJ,X,X
ITLZJSO,X,X
ITLZJOS,X,X
ITLZSJO,X,X
ITLZSOJ,X,X
ITLZOJS,X,X
ITLZOSJ,X,X
ITLOJSZ,X,X
ITLOJZS,X,X
ITLOSJZ,X,X
ITLOSZJ,X,X
ITLOZJS,X,X
ITLOZSJ,X,X
ITJLSZO,X,X
ITJLSOZ,X,X
ITJLZSO,X,X
ITJLZOS,X,X
ITJLOSZ,X,X
ITJLOZS,X,X
ITJSLZO,X,X
ITJSLOZ,X,X
ITJSZLO,X,X
ITJSZOL,O,X
ITJSOLZ,X,X
ITJSOZL,O,X
ITJZLSO,X,X
ITJZLOS,X,X
ITJZSLO,X,X
ITJZSOL,O,X
ITJZOLS,X,X
ITJZOSL,O,X
ITJOLSZ,X,X
ITJOLZS,X,X
ITJOSLZ,X,X
ITJOSZL,O,X
ITJOZLS,X,X
ITJOZSL,O,X
ITSLJZO,X,X
ITSLJOZ,X,X
ITSLZJO,X,X
ITSLZOJ,X,X
ITSLOJZ,X,X
ITSLOZJ,X,X
ITSJLZO,X,X
ITSJLOZ,X,X
ITSJZLO,X,X
ITSJZOL,O,X
ITSJOLZ,X,X
ITSJOZL,O,X
ITSZLJO,X,X
ITSZLOJ,X,X
ITSZJLO,X,X
ITSZJOL,O,X
ITSZOLJ,X,X
ITSZOJL,X,X
ITSOLJZ,X,X
ITSOLZJ,X,X
ITSOJLZ,X,X
ITSOJZL,X,X
ITSOZLJ,X,X
ITSOZJL,X,X
ITZLJSO,X,X
ITZLJOS,X,X
ITZLSJO,X,X
ITZLSOJ,X,X
ITZLOJS,X,X
ITZLOSJ,X,X
ITZJLSO,X,X
ITZJLOS,X,X
ITZJSLO,X,X
ITZJSOL,O,X
ITZJOLS,X,X
ITZJOSL,O,X
ITZSLJO,X,X
ITZSLOJ,X,X
ITZSJLO,X,X
ITZSJOL,O,X
ITZSOLJ,X,X
ITZSOJL,X,X
ITZOLJS,X,X
ITZOLSJ,X,X
ITZOJLS,X,X
ITZOJSL,X,X
ITZOSLJ,X,X
ITZOSJL,X,X
ITOLJSZ,X,X
ITOLJZS,X,X
ITOLSJZ,X,X
ITOLSZJ,X,X
ITOLZJS,X,X
ITOLZSJ,X,X
ITOJLSZ,X,X
ITOJLZS,X,X
ITOJSLZ,X,X
ITOJSZL,X,X
ITOJZLS,X,X
ITOJZSL,X,X
ITOSLJZ,X,X
ITOSLZJ,X,X
ITOSJLZ,X,X
ITOSJZL,X,X
ITOSZLJ,X,X
ITOSZJL,X,X
ITOZLJS,X,X
ITOZLSJ,X,X
ITOZJLS,X,X
ITOZJSL,X,X
ITOZSLJ,X,X
ITOZSJL,X,X
ILTJSZO,X,X
ILTJSOZ,X,X
ILTJZSO,X,X
ILTJZOS,X,X
ILTJOSZ,X,X
ILTJOZS,X,X
ILTSJZO,X,X
ILTSJOZ,X,X
ILTSZJO,X,X
ILTSZOJ,X,X
ILTSOJZ,X,X
ILTSOZJ,X,X
ILTZJSO,X,X
ILTZJOS,X,X
ILTZSJO,X,X
ILTZSOJ,X,X
ILTZOJS,X,X
ILTZOSJ,X,X
ILTOJSZ,X,X
ILTOJZS,X,X
ILTOSJZ,X,X
ILTOSZJ,X,X
ILTOZJS,X,X
ILTOZSJ,X,X
ILJTSZO,X,X
ILJTSOZ,X,X
ILJTZSO,X,X
ILJTZOS,X,X
ILJTOSZ,X,X
ILJTOZS,X,X
ILJSTZO,X,X
ILJSTOZ,X,X
ILJSZTO,X,X
ILJSZOT,X,X
ILJSOTZ,X,X
ILJSOZT,X,X
ILJZTSO,X,X
ILJZTOS,X,X
ILJZSTO,X,X
ILJZSOT,X,X
ILJZOTS,X,X
ILJZOST,X,X
ILJOTSZ,X,X
ILJOTZS,X,X
ILJOSTZ,X,X
ILJOSZT,X,X
ILJOZTS,X,X
ILJOZST,X,X
ILSTJZO,X,X
ILSTJOZ,X,X
ILSTZJO,X,X
ILSTZOJ,X,X
ILSTOJZ,X,X
ILSTOZJ,X,X
ILSJTZO,X,X
ILSJTOZ,X,X
ILSJZTO,X,X
ILSJZOT,X,X
ILSJOTZ,X,X
ILSJOZT,X,X
ILSZTJO,X,X
ILSZTOJ,X,X
ILSZJTO,X,X
ILSZJOT,X,X
ILSZOTJ,X,X
ILSZOJT,X,X
ILSOTJZ,X,X
ILSOTZJ,X,X
ILSOJTZ,X,X
ILSOJZT,X,X
ILSOZTJ,X,X
ILSOZJT,X,X
ILZTJSO,X,X
ILZTJOS,X,X
ILZTSJO,X,X
ILZTSOJ,X,X
ILZTOJS,X,X
ILZTOSJ,X,X
ILZJTSO,X,X
ILZJTOS,X,X
ILZJSTO,X,X
ILZJSOT,X,X
ILZJOTS,X,X
ILZJOST,X,X
ILZSTJO,X,X
ILZSTOJ,X,X
ILZSJTO,X,X
ILZSJOT,X,X
ILZSOTJ,X,X
ILZSOJT,X,X
ILZOTJS,X,X
ILZOTSJ,X,X
ILZOJTS,X,X
ILZOJST,X,X
ILZOSTJ,X,X
ILZOSJT,X,X
ILOTJSZ,X,X
ILOTJZS,X,X
ILOTSJZ,X,X
ILOTSZJ,X,X
ILOTZJS,X,X
ILOTZSJ,X,X
ILOJTSZ,X,X
ILOJTZS,X,X
ILOJSTZ,X,X
ILOJSZT,X,X
ILOJZTS,X,X
ILOJZST,X,X
ILOSTJZ,X,X
ILOSTZJ,X,X
ILOSJTZ,X,X
ILOSJZT,X,X
ILOSZTJ,X,X
ILOSZJT,X,X
ILOZTJS,X,X
ILOZTSJ,X,X
ILOZJTS,X,X
ILOZJST,X,X
ILOZSTJ,X,X
ILOZSJT,X,X
IJTLSZO,X,X
IJTLSOZ,X,X
IJTLZSO,X,X
IJTLZOS,X,X
IJTLOSZ,X,X
IJTLOZS,X,X
IJTSLZO,X,X
IJTSLOZ,X,X
IJTSZLO,X,X
IJTSZOL,O,X
IJTSOLZ,X,X
IJTSOZL,O,X
IJTZLSO,X,X
IJTZLOS,X,X
IJTZSLO,X,X
IJTZSOL,O,X
IJTZOLS,X,X
IJTZOSL,O,X
IJTOLSZ,X,X
IJTOLZS,X,X
IJTOSLZ,X,X
IJTOSZL,O,X
IJTOZLS,X,X
IJTOZSL,O,X
IJLTSZO,X,X
IJLTSOZ,X,X
IJLTZSO,X,X
IJLTZOS,X,X
IJLTOSZ,X,X
IJLTOZS,X,X
IJLSTZO,X,X
IJLSTOZ,X,X
IJLSZTO,X,X
IJLSZOT,X,X
IJLSOTZ,X,X
IJLSOZT,X,X
IJLZTSO,X,X
IJLZTOS,X,X
IJLZSTO,X,X
IJLZSOT,X,X
IJLZOTS,X,X
IJLZOST,X,X
IJLOTSZ,X,X
IJLOTZS,X,X
IJLOSTZ,X,X
IJLOSZT,X,X
IJLOZTS,X,X
IJLOZST,X,X
IJSTLZO,X,X
IJSTLOZ,X,X
IJSTZLO,X,X
IJSTZOL,O,X
IJSTOLZ,X,X
IJSTOZL,O,X
IJSLTZO,X,X
IJSLTOZ,X,X
IJSLZTO,X,X
IJSLZOT,X,X
IJSLOTZ,X,X
IJSLOZT,X,X
IJSZTLO,X,X
IJSZTOL,O,X
IJSZLTO,X,X
IJSZLOT,X,X
IJSZOTL,O,X
IJSZOLT,X,X
IJSOTLZ,X,X
IJSOTZL,O,X
IJSOLTZ,X,X
IJSOLZT,X,X
IJSOZTL,O,X
IJSOZLT,X,X
IJZTLSO,X,X
IJZTLOS,X,X
IJZTSLO,X,X
IJZTSOL,O,X
IJZTOLS,X,X
IJZTOSL,O,X
IJZLTSO,X,X
IJZLTOS,X,X
IJZLSTO,X,X
IJZLSOT,X,X
IJZLOTS,X,X
IJZLOST,X,X
IJZSTLO,X,X
IJZSTOL,O,X
IJZSLTO,X,X
IJZSLOT,X,X
IJZSOTL,O,X
IJZSOLT,X,X
IJZOTLS,X,X
IJZOTSL,O,X
IJZOLTS,X,X
IJZOLST,X,X
IJZOSTL,O,X
IJZOSLT,X,X
IJOTLSZ,X,X
IJOTLZS,X,X
IJOTSLZ,X,X
IJOTSZL,O,X
IJOTZLS,X,X
IJOTZSL,O,X
IJOLTSZ,X,X
IJOLTZS,X,X
IJOLSTZ,X,X
IJOLSZT,X,X
IJOLZTS,X,X
IJOLZST,X,X
IJOSTLZ,X,X
IJOSTZL,O,X
IJOSLTZ,X,X
IJOSLZT,X,X
IJOSZTL,O,X
IJOSZLT,X,X
IJOZTLS,X,X
IJOZTSL,O,X
IJOZLTS,X,X
IJOZLST,X,X
IJOZSTL,O,X
IJOZSLT,X,X
ISTLJZO,X,X
ISTLJOZ,X,X
ISTLZJO,X,X
ISTLZOJ,X,X
ISTLOJZ,X,X
ISTLOZJ,X,X
ISTJLZO,X,X
ISTJLOZ,X,X
ISTJZLO,X,X
ISTJZOL,O,X
ISTJOLZ,X,X
ISTJOZL,O,X
ISTZLJO,X,X
ISTZLOJ,X,X
ISTZJLO,X,X
ISTZJOL,O,X
ISTZOLJ,X,X
ISTZOJL,X,X
ISTOLJZ,X,X
ISTOLZJ,X,X
ISTOJLZ,X,X
ISTOJZL,X,X
ISTOZLJ,X,X
ISTOZJL,X,X
ISLTJZO,X,X
ISLTJOZ,X,X
ISLTZJO,X,X
ISLTZOJ,X,X
ISLTOJZ,X,X
ISLTOZJ,X,X
ISLJTZO,X,X
ISLJTOZ,X,X
ISLJZTO,X,X
ISLJZOT,X,X
ISLJOTZ,X,X
ISLJOZT,X,X
ISLZTJO,X,X
ISLZTOJ,X,X
ISLZJTO,X,X
ISLZJOT,X,X
ISLZOTJ,X,X
ISLZOJT,X,X
ISLOTJZ,X,X
ISLOTZJ,X,X
ISLOJTZ,X,X
ISLOJZT,X,X
ISLOZTJ,X,X
ISLOZJT,X,X
ISJTLZO,X,X
ISJTLOZ,X,X
ISJTZLO,X,X
ISJTZOL,O,X
ISJTOLZ,X,X
ISJTOZL,O,X
ISJLTZO,X,X
ISJLTOZ,X,X
ISJLZTO,X,X
ISJLZOT,X,X
ISJLOTZ,X,X
ISJLOZT,X,X
ISJZTLO,X,X
ISJZTOL,O,X
ISJZLTO,X,X
ISJZLOT,X,X
ISJZOTL,O,X
ISJZOLT,X,X
ISJOTLZ,X,X
ISJOTZL,O,X
ISJOLTZ,X,X
ISJOLZT,X,X
ISJOZTL,O,X
ISJOZLT,X,X
ISZTLJO,X,X
ISZTLOJ,X,X
ISZTJLO,X,X
ISZTJOL,O,X
ISZTOLJ,X,X
ISZTOJL,X,X
ISZLTJO,X,X
ISZLTOJ,X,X
ISZLJTO,X,X
ISZLJOT,X,X
ISZLOTJ,X,X
ISZLOJT,X,X
ISZJTLO,X,X
ISZJTOL,O,X
ISZJLTO,X,X
ISZJLOT,X,X
ISZJOTL,O,X
ISZJOLT,X,X
ISZOTLJ,X,X
ISZOTJL,X,X
ISZOLTJ,X,X
ISZOLJT,X,X
ISZOJTL,X,X
ISZOJLT,X,X
ISOTLJZ,X,X
ISOTLZJ,X,X
ISOTJLZ,X,X
ISOTJZL,X,X
ISOTZLJ,X,X
ISOTZJL,X,X
ISOLTJZ,X,X
ISOLTZJ,X,X
ISOLJTZ,X,X
ISOLJZT,X,X
ISOLZTJ,X,X
ISOLZJT,X,X
ISOJTLZ,X,X
ISOJTZL,X,X
ISOJLTZ,X,X
ISOJLZT,X,X
ISOJZTL,X,X
ISOJZLT,X,X
ISOZTLJ,X,X
ISOZTJL,X,X
ISOZLTJ,X,X
ISOZLJT,X,X
ISOZJTL,X,X
ISOZJLT,X,X
IZTLJSO,X,X
IZTLJOS,X,X
IZTLSJO,X,X
IZTLSOJ,X,X
IZTLOJS,X,X
IZTLOSJ,X,X
IZTJLSO,X,X
IZTJLOS,X,X
IZTJSLO,X,X
IZTJSOL,O,X
IZTJOLS,X,X
IZTJOSL,O,X
IZTSLJO,X,X
IZTSLOJ,X,X
IZTSJLO,X,X
IZTSJOL,O,X
IZTSOLJ,X,X
IZTSOJL,X,X
IZTOLJS,X,X
IZTOLSJ,X,X
IZTOJLS,X,X
IZTOJSL,X,X
IZTOSLJ,X,X
IZTOSJL,X,X
IZLTJSO,X,X
IZLTJOS,X,X
IZLTSJO,X,X
IZLTSOJ,X,X
IZLTOJS,X,X
IZLTOSJ,X,X
IZLJTSO,X,X
IZLJTOS,X,X
IZLJSTO,X,X
IZLJSOT,X,X
IZLJOTS,X,X
IZLJOST,X,X
IZLSTJO,X,X
IZLSTOJ,X,X
IZLSJTO,X,X
IZLSJOT,X,X
IZLSOTJ,X,X
IZLSOJT,X,X
IZLOTJS,X,X
IZLOTSJ,X,X
IZLOJTS,X,X
IZLOJST,X,X
IZLOSTJ,X,X
IZLOSJT,X,X
IZJTLSO,X,X
IZJTLOS,X,X
IZJTSLO,X,X
IZJTSOL,O,X
IZJTOLS,X,X
IZJTOSL,O,X
IZJLTSO,X,X
IZJLTOS,X,X
IZJLSTO,X,X
IZJLSOT,X,X
IZJLOTS,X,X
IZJLOST,X,X
IZJSTLO,X,X
IZJSTOL,O,X
IZJSLTO,X,X
IZJSLOT,X,X
IZJSOTL,O,X
IZJSOLT,X,X
IZJOTLS,X,X
IZJOTSL,O,X
IZJOLTS,X,X
IZJOLST,X,X
IZJOSTL,O,X
IZJOSLT,X,X
IZSTLJO,X,X
IZSTLOJ,X,X
IZSTJLO,X,X
IZSTJOL,O,X
IZSTOLJ,X,X
IZSTOJL,X,X
IZSLTJO,X,X
IZSLTOJ,X,X
IZSLJTO,X,X
IZSLJOT,X,X
IZSLOTJ,X,X
IZSLOJT,X,X
IZSJTLO,X,X
IZSJTOL,O,X
IZSJLTO,X,X
IZSJLOT,X,X
IZSJOTL,O,X
IZSJOLT,X,X
IZSOTLJ,X,X
IZSOTJL,X,X
IZSOLTJ,X,X
IZSOLJT,X,X
IZSOJTL,X,X
IZSOJLT,X,X
IZOTLJS,X,X
IZOTLSJ,X,X
IZOTJLS,X,X
IZOTJSL,X,X
IZOTSLJ,X,X
IZOTSJL,X,X
IZOLTJS,X,X
IZOLTSJ,X,X
IZOLJTS,X,X
IZOLJST,X,X
IZOLSTJ,X,X
IZOLSJT,X,X
IZOJTLS,X,X
IZOJTSL,X,X
IZOJLTS,X,X
IZOJLST,X,X
IZOJSTL,X,X
IZOJSLT,X,X
IZOSTLJ,X,X
IZOSTJL,X,X
IZOSLTJ,X,X
IZOSLJT,X,X
IZOSJTL,X,X
IZOSJLT,X,X
IOTLJSZ,X,X
IOTLJZS,X,X
IOTLSJZ,X,X
IOTLSZJ,X,X
IOTLZJS,X,X
IOTLZSJ,X,X
IOTJLSZ,X,X
IOTJLZS,X,X
IOTJSLZ,X,X
IOTJSZL,X,X
IOTJZLS,X,X
IOTJZSL,X,X
IOTSLJZ,X,X
IOTSLZJ,X,X
IOTSJLZ,X,X
IOTSJZL,X,X
IOTSZLJ,X,X
IOTSZJL,X,X
IOTZLJS,X,X
IOTZLSJ,X,X
IOTZJLS,X,X
IOTZJSL,X,X
IOTZSLJ,X,X
IOTZSJL,X,X
IOLTJSZ,X,X
IOLTJZS,X,X
IOLTSJZ,X,X
IOLTSZJ,X,X
IOLTZJS,X,X
IOLTZSJ,X,X
IOLJTSZ,X,X
IOLJTZS,X,X
IOLJSTZ,X,X
IOLJSZT,X,X
IOLJZTS,X,X
IOLJZST,X,X
IOLSTJZ,X,X
IOLSTZJ,X,X
IOLSJTZ,X,X
IOLSJZT,X,X
IOLSZTJ,X,X
IOLSZJT,X,X
IOLZTJS,X,X
IOLZTSJ,X,X
IOLZJTS,X,X
IOLZJST,X,X
IOLZSTJ,X,X
IOLZSJT,X,X
IOJTLSZ,X,X
IOJTLZS,X,X
IOJTSLZ,X,X
IOJTSZL,X,X
IOJTZLS,X,X
IOJTZSL,X,X
IOJLTSZ,X,X
IOJLTZS,X,X
IOJLSTZ,X,X
IOJLSZT,X,X
IOJLZTS,X,X
IOJLZST,X,X
IOJSTLZ,X,X
IOJSTZL,X,X
IOJSLTZ,X,X
IOJSLZT,X,X
IOJSZTL,X,X
IOJSZLT,X,X
IOJZTLS,X,X
IOJZTSL,X,X
IOJZLTS,X,X
IOJZLST,X,X
IOJZSTL,X,X
IOJZSLT,X,X
IOSTLJZ,X,X
IOSTLZJ,X,X
IOSTJLZ,X,X
IOSTJZL,X,X
IOSTZLJ,X,X
IOSTZJL,X,X
IOSLTJZ,X,X
IOSLTZJ,X,X
IOSLJTZ,X,X
IOSLJZT,X,X
IOSLZTJ,X,X
IOSLZJT,X,X
IOSJTLZ,X,X
IOSJTZL,X,X
IOSJLTZ,X,X
IOSJLZT,X,X
IOSJZTL,X,X
IOSJZLT,X,X
IOSZTLJ,X,X
IOSZTJL,X,X
IOSZLTJ,X,X
IOSZLJT,X,X
IOSZJTL,X,X
IOSZJLT,X,X
IOZTLJS,X,X
IOZTLSJ,X,X
IOZTJLS,X,X
IOZTJSL,X,X
IOZTSLJ,X,X
IOZTSJL,X,X
IOZLTJS,X,X
IOZLTSJ,X,X
IOZLJTS,X,X
IOZLJST,X,X
IOZLSTJ,X,X
IOZLSJT,X,X
IOZJTLS,X,X
IOZJTSL,X,X
IOZJLTS,X,X
IOZJLST,X,X
IOZJSTL,X,X
IOZJSLT,X,X
IOZSTLJ,X,X
IOZSTJL,X,X
IOZSLTJ,X,X
IOZSLJT,X,X
IOZSJTL,X,X
IOZSJLT,X,X
LTIJSZO,X,X
LTIJSOZ,X,X
LTIJZSO,X,X
LTIJZOS,X,X
LTIJOSZ,X,X
LTIJOZS,X,X
LTISJZO,X,X
LTISJOZ,X,X
LTISZJO,X,X
LTISZOJ,X,X
LTISOJZ,X,X
LTISOZJ,X,X
LTIZJSO,X,X
LTIZJOS,X,X
LTIZSJO,X,X
LTIZSOJ,X,X
LTIZOJS,X,X
LTIZOSJ,X,X
LTIOJSZ,X,X
LTIOJZS,X,X
LTIOSJZ,X,X
LTIOSZJ,X,X
LTIOZJS,X,X
LTIOZSJ,X,X
LTJISZO,X,X
LTJISOZ,X,X
LTJIZSO,X,X
LTJIZOS,X,X
LTJIOSZ,X,X
LTJIOZS,X,X
LTJSIZO,X,X
LTJSIOZ,X,X
LTJSZIO,X,X
LTJSZOI,X,X
LTJSOIZ,X,X
LTJSOZI,X,X
LTJZISO,X,X
LTJZIOS,X,X
LTJZSIO,X,X
LTJZSOI,X,X
LTJZOIS,X,X
LTJZOSI,X,X
LTJOISZ,X,X
LTJOIZS,X,X
LTJOSIZ,X,X
LTJOSZI,X,X
LTJOZIS,X,X
LTJOZSI,X,X
LTSIJZO,X,X
LTSIJOZ,X,X
LTSIZJO,X,X
LTSIZOJ,X,X
LTSIOJZ,X,X
LTSIOZJ,X,X
LTSJIZO,X,X
LTSJIOZ,X,X
LTSJZIO,X,X
LTSJZOI,X,X
LTSJOIZ,X,X
LTSJOZI,X,X
LTSZIJO,X,X
LTSZIOJ,X,X
LTSZJIO,X,X
LTSZJOI,X,X
LTSZOIJ,X,O
LTSZOJI,X,O
LTSOIJZ,X,O
LTSOIZJ,X,O
LTSOJIZ,X,X
LTSOJZI,X,O
LTSOZIJ,X,O
LTSOZJI,X,O
LTZIJSO,X,X
LTZIJOS,X,X
LTZISJO,X,X
LTZISOJ,X,X
LTZIOJS,X,X
LTZIOSJ,X,X
LTZJISO,X,X
LTZJIOS,X,X
LTZJSIO,X,X
LTZJSOI,X,X
LTZJOIS,X,X
LTZJOSI,X,X
LTZSIJO,X,X
LTZSIOJ,X,X
LTZSJIO,X,X
LTZSJOI,X,X
LTZSOIJ,X,O
LTZSOJI,X,O
LTZOIJS,X,O
LTZOISJ,X,O
LTZOJIS,X,X
LTZOJSI,X,O
LTZOSIJ,X,O
LTZOSJI,X,O
LTOIJSZ,X,O
LTOIJZS,X,O
LTOISJZ,X,O
LTOISZJ,X,O
LTOIZJS,X,O
LTOIZSJ,X,O
LTOJISZ,X,X
LTOJIZS,X,X
LTOJSIZ,X,X
LTOJSZI,X,O
LTOJZIS,X,X
LTOJZSI,X,O
LTOSIJZ,X,O
LTOSIZJ,X,O
LTOSJIZ,X,X
LTOSJZI,X,O
LTOSZIJ,X,O
LTOSZJI,X,O
LTOZIJS,X,O
LTOZISJ,X,O
LTOZJIS,X,X
LTOZJSI,X,O
LTOZSIJ,X,O
LTOZSJI,X,O
LITJSZO,X,X
LITJSOZ,X,X
LITJZSO,X,X
LITJZOS,X,X
LITJOSZ,X,X
LITJOZS,X,X
LITSJZO,X,X
LITSJOZ,X,X
LITSZJO,X,X
LITSZOJ,X,X
LITSOJZ,X,X
LITSOZJ,X,X
LITZJSO,X,X
LITZJOS,X,X
LITZSJO,X,X
LITZSOJ,X,X
LITZOJS,X,X
LITZOSJ,X,X
LITOJSZ,X,X
LITOJZS,X,X
LITOSJZ,X,X
LITOSZJ,X,X
LITOZJS,X,X
LITOZSJ,X,X
LIJTSZO,X,X
LIJTSOZ,X,X
LIJTZSO,X,X
LIJTZOS,X,X
LIJTOSZ,X,X
LIJTOZS,X,X
LIJSTZO,X,X
LIJSTOZ,X,X
LIJSZTO,X,X
LIJSZOT,X,X
LIJSOTZ,X,X
LIJSOZT,X,X
LIJZTSO,X,X
LIJZTOS,X,X
LIJZSTO,X,X
LIJZSOT,X,X
LIJZOTS,X,X
LIJZOST,X,X
LIJOTSZ,X,X
LIJOTZS,X,X
LIJOSTZ,X,X
LIJOSZT,X,X
LIJOZTS,X,X
LIJOZST,X,X
LISTJZO,X,X
LISTJOZ,X,X
LISTZJO,X,X
LISTZOJ,X,X
LISTOJZ,X,X
LISTOZJ,X,X
LISJTZO,X,X
LISJTOZ,X,X
LISJZTO,X,X
LISJZOT,X,X
LISJOTZ,X,X
LISJOZT,X,X
LISZTJO,X,X
LISZTOJ,X,X
LISZJTO,X,X
LISZJOT,X,X
LISZOTJ,X,X
LISZOJT,X,X
LISOTJZ,X,X
LISOTZJ,X,X
LISOJTZ,X,X
LISOJZT,X,X
LISOZTJ,X,X
LISOZJT,X,X
LIZTJSO,X,X
LIZTJOS,X,X
LIZTSJO,X,X
LIZTSOJ,X,X
LIZTOJS,X,X
LIZTOSJ,X,X
LIZJTSO,X,X
LIZJTOS,X,X
LIZJSTO,X,X
LIZJSOT,X,X
LIZJOTS,X,X
LIZJOST,X,X
LIZSTJO,X,X
LIZSTOJ,X,X
LIZSJTO,X,X
LIZSJOT,X,X
LIZSOTJ,X,X
LIZSOJT,X,X
LIZOTJS,X,X
LIZOTSJ,X,X
LIZOJTS,X,X
LIZOJST,X,X
LIZOSTJ,X,X
LIZOSJT,X,X
LIOTJSZ,X,X
LIOTJZS,X,X
LIOTSJZ,X,X
LIOTSZJ,X,X
LIOTZJS,X,X
LIOTZSJ,X,X
LIOJTSZ,X,X
LIOJTZS,X,X
LIOJSTZ,X,X
LIOJSZT,X,X
LIOJZTS,X,X
LIOJZST,X,X
LIOSTJZ,X,X
LIOSTZJ,X,X
LIOSJTZ,X,X
LIOSJZT,X,X
LIOSZTJ,X,X
LIOSZJT,X,X
LIOZTJS,X,X
LIOZTSJ,X,X
LIOZJTS,X,X
LIOZJST,X,X
LIOZSTJ,X,X
LIOZSJT,X,X
LJTISZO,X,X
LJTISOZ,X,X
LJTIZSO,X,X
LJTIZOS,X,X
LJTIOSZ,X,X
LJTIOZS,X,X
LJTSIZO,X,X
LJTSIOZ,X,X
LJTSZIO,X,X
LJTSZOI,X,X
LJTSOIZ,X,X
LJTSOZI,X,X
LJTZISO,X,X
LJTZIOS,X,X
LJTZSIO,X,X
LJTZSOI,X,X
LJTZOIS,X,X
LJTZOSI,X,X
LJTOISZ,X,X
LJTOIZS,X,X
LJTOSIZ,X,X
LJTOSZI,X,X
LJTOZIS,X,X
LJTOZSI,X,X
LJITSZO,X,X
LJITSOZ,X,X
LJITZSO,X,X
LJITZOS,X,X
LJITOSZ,X,X
LJITOZS,X,X
LJISTZO,X,X
LJISTOZ,X,X
LJISZTO,X,X
LJISZOT,X,X
LJISOTZ,X,X
LJISOZT,X,X
LJIZTSO,X,X
LJIZTOS,X,X
LJIZSTO,X,X
LJIZSOT,X,X
LJIZOTS,X,X
LJIZOST,X,X
LJIOTSZ,X,X
LJIOTZS,X,X
LJIOSTZ,X,X
LJIOSZT,X,X
LJIOZTS,X,X
LJIOZST,X,X
LJSTIZO,X,X
LJSTIOZ,X,X
LJSTZIO,X,X
LJSTZOI,X,X
LJSTOIZ,X,X
LJSTOZI,X,X
LJSITZO,X,X
LJSITOZ,X,X
LJSIZTO,X,X
LJSIZOT,X,X
LJSIOTZ,X,X
LJSIOZT,X,X
LJSZTIO,X,X
LJSZTOI,X,X
LJSZITO,X,X
LJSZIOT,X,X
LJSZOTI,X,X
LJSZOIT,X,X
LJSOTIZ,X,X
LJSOTZI,X,X
LJSOITZ,X,X
LJSOIZT,X,X
LJSOZTI,X,X
LJSOZIT,X,X
LJZTISO,X,X
LJZTIOS,X,X
LJZTSIO,X,X
LJZTSOI,X,X
LJZTOIS,X,X
LJZTOSI,X,X
LJZITSO,X,X
LJZITOS,X,X
LJZISTO,X,X
LJZISOT,X,X
LJZIOTS,X,X
LJZIOST,X,X
LJZSTIO,X,X
LJZSTOI,X,X
LJZSITO,X,X
LJZSIOT,X,X
LJZSOTI,X,X
LJZSOIT,X,X
LJZOTIS,X,X
LJZOTSI,X,X
LJZOITS,X,X
LJZOIST,X,X
LJZOSTI,X,X
LJZOSIT,X,X
LJOTISZ,X,X
LJOTIZS,X,X
LJOTSIZ,X,X
LJOTSZI,X,X
LJOTZIS,X,X
LJOTZSI,X,X
LJOITSZ,X,X
LJOITZS,X,X
LJOISTZ,X,X
LJOISZT,X,X
LJOIZTS,X,X
LJOIZST,X,X
LJOSTIZ,X,X
LJOSTZI,X,X
LJOSITZ,X,X
LJOSIZT,X,X
LJOSZTI,X,X
LJOSZIT,X,X
LJOZTIS,X,X
LJOZTSI,X,X
LJOZITS,X,X
LJOZIST,X,X
LJOZSTI,X,X
LJOZSIT,X,X
LSTIJZO,X,X
LSTIJOZ,X,X
LSTIZJO,X,X
LSTIZOJ,X,X
LSTIOJZ,X,X
LSTIOZJ,X,X
LSTJIZO,X,X
LSTJIOZ,X,X
LSTJZIO,X,X
LSTJZOI,X,X
LSTJOIZ,X,X
LSTJOZI,X,X
LSTZIJO,X,X
LSTZIOJ,X,X
LSTZJIO,X,X
LSTZJOI,X,X
LSTZOIJ,X,O
LSTZOJI,X,O
LSTOIJZ,X,O
LSTOIZJ,X,O
LSTOJIZ,X,X
LSTOJZI,X,O
LSTOZIJ,X,O
LSTOZJI,X,O
LSITJZO,X,X
LSITJOZ,X,X
LSITZJO,X,X
LSITZOJ,X,X
LSITOJZ,X,X
LSITOZJ,X,X
LSIJTZO,X,X
LSIJTOZ,X,X
LSIJZTO,X,X
LSIJZOT,X,X
LSIJOTZ,X,X
LSIJOZT,X,X
LSIZTJO,X,X
LSIZTOJ,X,X
LSIZJTO,X,X
LSIZJOT,X,X
LSIZOTJ,X,X
LSIZOJT,X,X
LSIOTJZ,X,X
LSIOTZJ,X,X
LSIOJTZ,X,X
LSIOJZT,X,X
LSIOZTJ,X,X
LSIOZJT,X,X
LSJTIZO,X,X
LSJTIOZ,X,X
LSJTZIO,X,X
LSJTZOI,X,X
LSJTOIZ,X,X
LSJTOZI,X,X
LSJITZO,X,X
LSJITOZ,X,X
LSJIZTO,X,X
LSJIZOT,X,X
LSJIOTZ,X,X
LSJIOZT,X,X
LSJZTIO,X,X
LSJZTOI,X,X
LSJZITO,X,X
LSJZIOT,X,X
LSJZOTI,X,X
LSJZOIT,X,X
LSJOTIZ,X,X
LSJOTZI,X,X
LSJOITZ,X,X
LSJOIZT,X,X
LSJOZTI,X,X
LSJOZIT,X,X
LSZTIJO,X,X
LSZTIOJ,X,X
LSZTJIO,X,X
LSZTJOI,X,X
LSZTOIJ,X,O
LSZTOJI,X,O
LSZITJO,X,X
LSZITOJ,X,X
LSZIJTO,X,X
LSZIJOT,X,X
LSZIOTJ,X,X
LSZIOJT,X,X
LSZJTIO,X,X
LSZJTOI,X,X
LSZJITO,X,X
LSZJIOT,X,X
LSZJOTI,X,X
LSZJOIT,X,X
LSZOTIJ,X,O
LSZOTJI,X,O
LSZOITJ,X,O
LSZOIJT,X,O
LSZOJTI,X,O
LSZOJIT,X,X
LSOTIJZ,X,O
LSOTIZJ,X,O
LSOTJIZ,X,X
LSOTJZI,X,O
LSOTZIJ,X,O
LSOTZJI,X,O
LSOITJZ,X,O
LSOITZJ,X,O
LSOIJTZ,X,O
LSOIJZT,X,O
LSOIZTJ,X,O
LSOIZJT,X,O
LSOJTIZ,X,X
LSOJTZI,X,O
LSOJITZ,X,X
LSOJIZT,X,X
LSOJZTI,X,O
LSOJZIT,X,X
LSOZTIJ,X,O
LSOZTJI,X,O
LSOZITJ,X,O
LSOZIJT,X,O
LSOZJTI,X,O
LSOZJIT,X,X
LZTIJSO,X,X
LZTIJOS,X,X
LZTISJO,X,X
LZTISOJ,X,X
LZTIOJS,X,X
LZTIOSJ,X,X
LZTJISO,X,X
LZTJIOS,X,X
LZTJSIO,X,X
LZTJSOI,X,X
LZTJOIS,X,X
LZTJOSI,X,X
LZTSIJO,X,X
LZTSIOJ,X,X
LZTSJIO,X,X
LZTSJOI,X,X
LZTSOIJ,X,O
LZTSOJI,X,O
LZTOIJS,X,O
LZTOISJ,X,O
LZTOJIS,X,X
LZTOJSI,X,O
LZTOSIJ,X,O
LZTOSJI,X,O
LZITJSO,X,X
LZITJOS,X,X
LZITSJO,X,X
LZITSOJ,X,X
LZITOJS,X,X
LZITOSJ,X,X
LZIJTSO,X,X
LZIJTOS,X,X
LZIJSTO,X,X
LZIJSOT,X,X
LZIJOTS,X,X
LZIJOST,X,X
LZISTJO,X,X
LZISTOJ,X,X
LZISJTO,X,X
LZISJOT,X,X
LZISOTJ,X,X
LZISOJT,X,X
LZIOTJS,X,X
LZIOTSJ,X,X
LZIOJTS,X,X
LZIOJST,X,X
LZIOSTJ,X,X
LZIOSJT,X,X
LZJTISO,X,X
LZJTIOS,X,X
LZJTSIO,X,X
LZJTSOI,X,X
LZJTOIS,X,X
LZJTOSI,X,X
LZJITSO,X,X
LZJITOS,X,X
LZJISTO,X,X
LZJISOT,X,X
LZJIOTS,X,X
LZJIOST,X,X
LZJSTIO,X,X
LZJSTOI,X,X
LZJSITO,X,X
LZJSIOT,X,X
LZJSOTI,X,X
LZJSOIT,X,X
LZJOTIS,X,X
LZJOTSI,X,X
LZJOITS,X,X
LZJOIST,X,X
LZJOSTI,X,X
LZJOSIT,X,X
LZSTIJO,X,X
LZSTIOJ,X,X
LZSTJIO,X,X
LZSTJOI,X,X
LZSTOIJ,X,O
LZSTOJI,X,O
LZSITJO,X,X
LZSITOJ,X,X
LZSIJTO,X,X
LZSIJOT,X,X
LZSIOTJ,X,X
LZSIOJT,X,X
LZSJTIO,X,X
LZSJTOI,X,X
LZSJITO,X,X
LZSJIOT,X,X
LZSJOTI,X,X
LZSJOIT,X,X
LZSOTIJ,X,O
LZSOTJI,X,O
LZSOITJ,X,O
LZSOIJT,X,O
LZSOJTI,X,O
LZSOJIT,X,X
LZOTIJS,X,O
LZOTISJ,X,O
LZOTJIS,X,X
LZOTJSI,X,O
LZOTSIJ,X,O
LZOTSJI,X,O
LZOITJS,X,O
LZOITSJ,X,O
LZOIJTS,X,O
LZOIJST,X,O
LZOISTJ,X,O
LZOISJT,X,O
LZOJTIS,X,X
LZOJTSI,X,O
LZOJITS,X,X
LZOJIST,X,X
LZOJSTI,X,O
LZOJSIT,X,X
LZOSTIJ,X,O
LZOSTJI,X,O
LZOSITJ,X,O
LZOSIJT,X,O
LZOSJTI,X,O
LZOSJIT,X,X
LOTIJSZ,X,O
LOTIJZS,X,O
LOTISJZ,X,O
LOTISZJ,X,O
LOTIZJS,X,O
LOTIZSJ,X,O
LOTJISZ,X,X
LOTJIZS,X,X
LOTJSIZ,X,X
LOTJSZI,X,O
LOTJZIS,X,X
LOTJZSI,X,O
LOTSIJZ,X,O
LOTSIZJ,X,O
LOTSJIZ,X,X
LOTSJZI,X,O
LOTSZIJ,X,O
LOTSZJI,X,O
LOTZIJS,X,O
LOTZISJ,X,O
LOTZJIS,X,X
LOTZJSI,X,O
LOTZSIJ,X,O
LOTZSJI,X,O
LOITJSZ,X,O
LOITJZS,X,O
LOITSJZ,X,O
LOITSZJ,X,O
LOITZJS,X,O
LOITZSJ,X,O
LOIJTSZ,X,O
LOIJTZS,X,O
LOIJSTZ,X,O
LOIJSZT,X,O
LOIJZTS,X,O
LOIJZST,X,O
LOISTJZ,X,O
LOISTZJ,X,O
LOISJTZ,X,O
LOISJZT,X,O
LOISZTJ,X,O
LOISZJT,X,O
LOIZTJS,X,O
LOIZTSJ,X,O
LOIZJTS,X,O
LOIZJST,X,O
LOIZSTJ,X,O
LOIZSJT,X,O
LOJTISZ,X,X
LOJTIZS,X,X
LOJTSIZ,X,X
LOJTSZI,X,O
LOJTZIS,X,X
LOJTZSI,X,O
LOJITSZ,X,X
LOJITZS,X,X
LOJISTZ,X,X
LOJISZT,X,X
LOJIZTS,X,X
LOJIZST,X,X
LOJSTIZ,X,X
LOJSTZI,X,O
LOJSITZ,X,X
LOJSIZT,X,X
LOJSZTI,X,O
LOJSZIT,X,X
LOJZTIS,X,X
LOJZTSI,X,O
LOJZITS,X,X
LOJZIST,X,X
LOJZSTI,X,O
LOJZSIT,X,X
LOSTIJZ,X,O
LOSTIZJ,X,O
LOSTJIZ,X,X
LOSTJZI,X,O
LOSTZIJ,X,O
LOSTZJI,X,O
LOSITJZ,X,O
LOSITZJ,X,O
LOSIJTZ,X,O
LOSIJZT,X,O
LOSIZTJ,X,O
LOSIZJT,X,O
LOSJTIZ,X,X
LOSJTZI,X,O
LOSJITZ,X,X
LOSJIZT,X,X
LOSJZTI,X,O
LOSJZIT,X,X
LOSZTIJ,X,O
LOSZTJI,X,O
LOSZITJ,X,O
LOSZIJT,X,O
LOSZJTI,X,O
LOSZJIT,X,X
LOZTIJS,X,O
LOZTISJ,X,O
LOZTJIS,X,X
LOZTJSI,X,O
LOZTSIJ,X,O
LOZTSJI,X,O
LOZITJS,X,O
LOZITSJ,X,O
LOZIJTS,X,O
LOZIJST,X,O
LOZISTJ,X,O
LOZISJT,X,O
LOZJTIS,X,X
LOZJTSI,X,O
LOZJITS,X,X
LOZJIST,X,X
LOZJSTI,X,O
LOZJSIT,X,X
LOZSTIJ,X,O
LOZSTJI,X,O
LOZSITJ,X,O
LOZSIJT,X,O
LOZSJTI,X,O
LOZSJIT,X,X
JTILSZO,X,X
JTILSOZ,X,X
JTILZSO,X,X
JTILZOS,X,X
JTILOSZ,X,X
JTILOZS,X,X
JTISLZO,X,X
JTISLOZ,X,X
JTISZLO,X,X
JTISZOL,O,X
JTISOLZ,X,X
JTISOZL,O,X
JTIZLSO,X,X
JTIZLOS,X,X
JTIZSLO,X,X
JTIZSOL,O,X
JTIZOLS,X,X
JTIZOSL,O,X
JTIOLSZ,X,X
JTIOLZS,X,X
JTIOSLZ,X,X
JTIOSZL,O,X
JTIOZLS,X,X
JTIOZSL,O,X
JTLISZO,X,X
JTLISOZ,X,X
JTLIZSO,X,X
JTLIZOS,X,X
JTLIOSZ,X,X
JTLIOZS,X,X
JTLSIZO,X,X
JTLSIOZ,X,X
JTLSZIO,X,X
JTLSZOI,X,X
JTLSOIZ,X,X
JTLSOZI,X,X
JTLZISO,X,X
JTLZIOS,X,X
JTLZSIO,X,X
JTLZSOI,X,X
JTLZOIS,X,X
JTLZOSI,X,X
JTLOISZ,X,X
JTLOIZS,X,X
JTLOSIZ,X,X
JTLOSZI,X,X
JTLOZIS,X,X
JTLOZSI,X,X
JTSILZO,X,X
JTSILOZ,X,X
JTSIZLO,X,X
JTSIZOL,O,X
JTSIOLZ,X,X
JTSIOZL,O,X
JTSLIZO,X,X
JTSLIOZ,X,X
JTSLZIO,X,X
JTSLZOI,X,X
JTSLOIZ,X,X
JTSLOZI,X,X
JTSZILO,X,X
JTSZIOL,O,X
JTSZLIO,X,X
JTSZLOI,X,X
JTSZOIL,X,X
JTSZOLI,O,X
JTSOILZ,X,X
JTSOIZL,X,X
JTSOLIZ,X,X
JTSOLZI,X,X
JTSOZIL,X,X
JTSOZLI,O,X
JTZILSO,X,X
JTZILOS,X,X
JTZISLO,X,X
JTZISOL,O,X
JTZIOLS,X,X
JTZIOSL,O,X
JTZLISO,X,X
JTZLIOS,X,X
JTZLSIO,X,X
JTZLSOI,X,X
JTZLOIS,X,X
JTZLOSI,X,X
JTZSILO,X,X
JTZSIOL,O,X
JTZSLIO,X,X
JTZSLOI,X,X
JTZSOIL,X,X
JTZSOLI,O,X
JTZOILS,X,X
JTZOISL,X,X
JTZOLIS,X,X
JTZOLSI,X,X
JTZOSIL,X,X
JTZOSLI,O,X
JTOILSZ,X,X
JTOILZS,X,X
JTOISLZ,X,X
JTOISZL,X,X
JTOIZLS,X,X
JTOIZSL,X,X
JTOLISZ,X,X
JTOLIZS,X,X
JTOLSIZ,X,X
JTOLSZI,X,X
JTOLZIS,X,X
JTOLZSI,X,X
JTOSILZ,X,X
JTOSIZL,X,X
JTOSLIZ,X,X
JTOSLZI,X,X
JTOSZIL,X,X
JTOSZLI,O,X
JTOZILS,X,X
JTOZISL,X,X
JTOZLIS,X,X
JTOZLSI,X,X
JTOZSIL,X,X
JTOZSLI,O,X
JITLSZO,X,X
JITLSOZ,X,X
JITLZSO,X,X
JITLZOS,X,X
JITLOSZ,X,X
JITLOZS,X,X
JITSLZO,X,X
JITSLOZ,X,X
JITSZLO,X,X
JITSZOL,O,X
JITSOLZ,X,X
JITSOZL,O,X
JITZLSO,X,X
JITZLOS,X,X
JITZSLO,X,X
JITZSOL,O,X
JITZOLS,X,X
JITZOSL,O,X
JITOLSZ,X,X
JITOLZS,X,X
JITOSLZ,X,X
JITOSZL,O,X
JITOZLS,X,X
JITOZSL,O,X
JILTSZO,X,X
JILTSOZ,X,X
JILTZSO,X,X
JILTZOS,X,X
JILTOSZ,X,X
JILTOZS,X,X
JILSTZO,X,X
JILSTOZ,X,X
JILSZTO,X,X
JILSZOT,X,X
JILSOTZ,X,X
JILSOZT,X,X
JILZTSO,X,X
JILZTOS,X,X
JILZSTO,X,X
JILZSOT,X,X
JILZOTS,X,X
JILZOST,X,X
JILOTSZ,X,X
JILOTZS,X,X
JILOSTZ,X,X
JILOSZT,X,X
JILOZTS,X,X
JILOZST,X,X
JISTLZO,X,X
JISTLOZ,X,X
JISTZLO,X,X
JISTZOL,O,X
JISTOLZ,X,X
JISTOZL,O,X
JISLTZO,X,X
JISLTOZ,X,X
JISLZTO,X,X
JISLZOT,X,X
JISLOTZ,X,X
JISLOZT,X,X
JISZTLO,X,X
JISZTOL,O,X
JISZLTO,X,X
JISZLOT,X,X
JISZOTL,O,X
JISZOLT,X,X
JISOTLZ,X,X
JISOTZL,O,X
JISOLTZ,X,X
JISOLZT,X,X
JISOZTL,O,X
JISOZLT,X,X
JIZTLSO,X,X
JIZTLOS,X,X
JIZTSLO,X,X
JIZTSOL,O,X
JIZTOLS,X,X
JIZTOSL,O,X
JIZLTSO,X,X
JIZLTOS,X,X
JIZLSTO,X,X
JIZLSOT,X,X
JIZLOTS,X,X
JIZLOST,X,X
JIZSTLO,X,X
JIZSTOL,O,X
JIZSLTO,X,X
JIZSLOT,X,X
JIZSOTL,O,X
JIZSOLT,X,X
JIZOTLS,X,X
JIZOTSL,O,X
JIZOLTS,X,X
JIZOLST,X,X
JIZOSTL,O,X
JIZOSLT,X,X
JIOTLSZ,X,X
JIOTLZS,X,X
JIOTSLZ,X,X
JIOTSZL,O,X
JIOTZLS,X,X
JIOTZSL,O,X
JIOLTSZ,X,X
JIOLTZS,X,X
JIOLSTZ,X,X
JIOLSZT,X,X
JIOLZTS,X,X
JIOLZST,X,X
JIOSTLZ,X,X
JIOSTZL,O,X
JIOSLTZ,X,X
JIOSLZT,X,X
JIOSZTL,O,X
JIOSZLT,X,X
JIOZTLS,X,X
JIOZTSL,O,X
JIOZLTS,X,X
JIOZLST,X,X
JIOZSTL,O,X
JIOZSLT,X,X
JLTISZO,X,X
JLTISOZ,X,X
JLTIZSO,X,X
JLTIZOS,X,X
JLTIOSZ,X,X
JLTIOZS,X,X
JLTSIZO,X,X
JLTSIOZ,X,X
JLTSZIO,X,X
JLTSZOI,X,X
JLTSOIZ,X,X
JLTSOZI,X,X
JLTZISO,X,X
JLTZIOS,X,X
JLTZSIO,X,X
JLTZSOI,X,X
JLTZOIS,X,X
JLTZOSI,X,X
JLTOISZ,X,X
JLTOIZS,X,X
JLTOSIZ,X,X
JLTOSZI,X,X
JLTOZIS,X,X
JLTOZSI,X,X
JLITSZO,X,X
JLITSOZ,X,X
JLITZSO,X,X
JLITZOS,X,X
JLITOSZ,X,X
JLITOZS,X,X
JLISTZO,X,X
JLISTOZ,X,X
JLISZTO,X,X
JLISZOT,X,X
JLISOTZ,X,X
JLISOZT,X,X
JLIZTSO,X,X
JLIZTOS,X,X
JLIZSTO,X,X
JLIZSOT,X,X
JLIZOTS,X,X
JLIZOST,X,X
JLIOTSZ,X,X
JLIOTZS,X,X
JLIOSTZ,X,X
JLIOSZT,X,X
JLIOZTS,X,X
JLIOZST,X,X
JLSTIZO,X,X
JLSTIOZ,X,X
JLSTZIO,X,X
JLSTZOI,X,X
JLSTOIZ,X,X
JLSTOZI,X,X
JLSITZO,X,X
JLSITOZ,X,X
JLSIZTO,X,X
JLSIZOT,X,X
JLSIOTZ,X,X
JLSIOZT,X,X
JLSZTIO,X,X
JLSZTOI,X,X
JLSZITO,X,X
JLSZIOT,X,X
JLSZOTI,X,X
JLSZOIT,X,X
JLSOTIZ,X,X
JLSOTZI,X,X
JLSOITZ,X,X
JLSOIZT,X,X
JLSOZTI,X,X
JLSOZIT,X,X
JLZTISO,X,X
JLZTIOS,X,X
JLZTSIO,X,X
JLZTSOI,X,X
JLZTOIS,X,X
JLZTOSI,X,X
JLZITSO,X,X
JLZITOS,X,X
JLZISTO,X,X
JLZISOT,X,X
JLZIOTS,X,X
JLZIOST,X,X
JLZSTIO,X,X
JLZSTOI,X,X
JLZSITO,X,X
JLZSIOT,X,X
JLZSOTI,X,X
JLZSOIT,X,X
JLZOTIS,X,X
JLZOTSI,X,X
JLZOITS,X,X
JLZOIST,X,X
JLZOSTI,X,X
JLZOSIT,X,X
JLOTISZ,X,X
JLOTIZS,X,X
JLOTSIZ,X,X
JLOTSZI,X,X
JLOTZIS,X,X
JLOTZSI,X,X
JLOITSZ,X,X
JLOITZS,X,X
JLOISTZ,X,X
JLOISZT,X,X
JLOIZTS,X,X
JLOIZST,X,X
JLOSTIZ,X,X
JLOSTZI,X,X
JLOSITZ,X,X
JLOSIZT,X,X
JLOSZTI,X,X
JLOSZIT,X,X
JLOZTIS,X,X
JLOZTSI,X,X
JLOZITS,X,X
JLOZIST,X,X
JLOZSTI,X,X
JLOZSIT,X,X
JSTILZO,X,X
JSTILOZ,X,X
JSTIZLO,X,X
JSTIZOL,O,X
JSTIOLZ,X,X
JSTIOZL,O,X
JSTLIZO,X,X
JSTLIOZ,X,X
JSTLZIO,X,X
JSTLZOI,X,X
JSTLOIZ,X,X
JSTLOZI,X,X
JSTZILO,X,X
JSTZIOL,O,X
JSTZLIO,X,X
JSTZLOI,X,X
JSTZOIL,X,X
JSTZOLI,O,X
JSTOILZ,X,X
JSTOIZL,X,X
JSTOLIZ,X,X
JSTOLZI,X,X
JSTOZIL,X,X
JSTOZLI,O,X
JSITLZO,X,X
JSITLOZ,X,X
JSITZLO,X,X
JSITZOL,O,X
JSITOLZ,X,X
JSITOZL,O,X
JSILTZO,X,X
JSILTOZ,X,X
JSILZTO,X,X
JSILZOT,X,X
JSILOTZ,X,X
JSILOZT,X,X
JSIZTLO,X,X
JSIZTOL,O,X
JSIZLTO,X,X
JSIZLOT,X,X
JSIZOTL,O,X
JSIZOLT,X,X
JSIOTLZ,X,X
JSIOTZL,O,X
JSIOLTZ,X,X
JSIOLZT,X,X
JSIOZTL,O,X
JSIOZLT,X,X
JSLTIZO,X,X
JSLTIOZ,X,X
JSLTZIO,X,X
JSLTZOI,X,X
JSLTOIZ,X,X
JSLTOZI,X,X
JSLITZO,X,X
JSLITOZ,X,X
JSLIZTO,X,X
JSLIZOT,X,X
JSLIOTZ,X,X
JSLIOZT,X,X
JSLZTIO,X,X
JSLZTOI,X,X
JSLZITO,X,X
JSLZIOT,X,X
JSLZOTI,X,X
JSLZOIT,X,X
JSLOTIZ,X,X
JSLOTZI,X,X
JSLOITZ,X,X
JSLOIZT,X,X
JSLOZTI,X,X
JSLOZIT,X,X
JSZTILO,X,X
JSZTIOL,O,X
JSZTLIO,X,X
JSZTLOI,X,X
JSZTOIL,X,X
JSZTOLI,O,X
JSZITLO,X,X
JSZITOL,O,X
JSZILTO,X,X
JSZILOT,X,X
JSZIOTL,O,X
JSZIOLT,X,X
JSZLTIO,X,X
JSZLTOI,X,X
JSZLITO,X,X
JSZLIOT,X,X
JSZLOTI,X,X
JSZLOIT,X,X
JSZOTIL,X,X
JSZOTLI,O,X
JSZOITL,X,X
JSZOILT,X,X
JSZOLTI,X,X
JSZOLIT,X,X
JSOTILZ,X,X
JSOTIZL,X,X
JSOTLIZ,X,X
JSOTLZI,X,X
JSOTZIL,X,X
JSOTZLI,O,X
JSOITLZ,X,X
JSOITZL,X,X
JSOILTZ,X,X
JSOILZT,X,X
JSOIZTL,X,X
JSOIZLT,X,X
JSOLTIZ,X,X
JSOLTZI,X,X
JSOLITZ,X,X
JSOLIZT,X,X
JSOLZTI,X,X
JSOLZIT,X,X
JSOZTIL,X,X
JSOZTLI,O,X
JSOZITL,X,X
JSOZILT,X,X
JSOZLTI,X,X
JSOZLIT,X,X
JZTILSO,X,X
JZTILOS,X,X
JZTISLO,X,X
JZTISOL,O,X
JZTIOLS,X,X
JZTIOSL,O,X
JZTLISO,X,X
JZTLIOS,X,X
JZTLSIO,X,X
JZTLSOI,X,X
JZTLOIS,X,X
JZTLOSI,X,X
JZTSILO,X,X
JZTSIOL,O,X
JZTSLIO,X,X
JZTSLOI,X,X
JZTSOIL,X,X
JZTSOLI,O,X
JZTOILS,X,X
JZTOISL,X,X
JZTOLIS,X,X
JZTOLSI,X,X
JZTOSIL,X,X
JZTOSLI,O,X
JZITLSO,X,X
JZITLOS,X,X
JZITSLO,X,X
JZITSOL,O,X
JZITOLS,X,X
JZITOSL,O,X
JZILTSO,X,X
JZILTOS,X,X
JZILSTO,X,X
JZILSOT,X,X
JZILOTS,X,X
JZILOST,X,X
JZISTLO,X,X
JZISTOL,O,X
JZISLTO,X,X
JZISLOT,X,X
JZISOTL,O,X
JZISOLT,X,X
JZIOTLS,X,X
JZIOTSL,O,X
JZIOLTS,X,X
JZIOLST,X,X
JZIOSTL,O,X
JZIOSLT,X,X
JZLTISO,X,X
JZLTIOS,X,X
JZLTSIO,X,X
JZLTSOI,X,X
JZLTOIS,X,X
JZLTOSI,X,X
JZLITSO,X,X
JZLITOS,X,X
JZLISTO,X,X
JZLISOT,X,X
JZLIOTS,X,X
JZLIOST,X,X
JZLSTIO,X,X
JZLSTOI,X,X
JZLSITO,X,X
JZLSIOT,X,X
JZLSOTI,X,X
JZLSOIT,X,X
JZLOTIS,X,X
JZLOTSI,X,X
JZLOITS,X,X
JZLOIST,X,X
JZLOSTI,X,X
JZLOSIT,X,X
JZSTILO,X,X
JZSTIOL,O,X
JZSTLIO,X,X
JZSTLOI,X,X
JZSTOIL,X,X
JZSTOLI,O,X
JZSITLO,X,X
JZSITOL,O,X
JZSILTO,X,X
JZSILOT,X,X
JZSIOTL,O,X
JZSIOLT,X,X
JZSLTIO,X,X
JZSLTOI,X,X
JZSLITO,X,X
JZSLIOT,X,X
JZSLOTI,X,X
JZSLOIT,X,X
JZSOTIL,X,X
JZSOTLI,O,X
JZSOITL,X,X
JZSOILT,X,X
JZSOLTI,X,X
JZSOLIT,X,X
JZOTILS,X,X
JZOTISL,X,X
JZOTLIS,X,X
JZOTLSI,X,X
JZOTSIL,X,X
JZOTSLI,O,X
JZOITLS,X,X
JZOITSL,X,X
JZOILTS,X,X
JZOILST,X,X
JZOISTL,X,X
JZOISLT,X,X
JZOLTIS,X,X
JZOLTSI,X,X
JZOLITS,X,X
JZOLIST,X,X
JZOLSTI,X,X
JZOLSIT,X,X
JZOSTIL,X,X
JZOSTLI,O,X
JZOSITL,X,X
JZOSILT,X,X
JZOSLTI,X,X
JZOSLIT,X,X
JOTILSZ,X,X
JOTILZS,X,X
JOTISLZ,X,X
JOTISZL,X,X
JOTIZLS,X,X
JOTIZSL,X,X
JOTLISZ,X,X
JOTLIZS,X,X
JOTLSIZ,X,X
JOTLSZI,X,X
JOTLZIS,X,X
JOTLZSI,X,X
JOTSILZ,X,X
JOTSIZL,X,X
JOTSLIZ,X,X
JOTSLZI,X,X
JOTSZIL,X,X
JOTSZLI,O,X
JOTZILS,X,X
JOTZISL,X,X
JOTZLIS,X,X
JOTZLSI,X,X
JOTZSIL,X,X
JOTZSLI,O,X
JOITLSZ,X,X
JOITLZS,X,X
JOITSLZ,X,X
JOITSZL,X,X
JOITZLS,X,X
JOITZSL,X,X
JOILTSZ,X,X
JOILTZS,X,X
JOILSTZ,X,X
JOILSZT,X,X
JOILZTS,X,X
JOILZST,X,X
JOISTLZ,X,X
JOISTZL,X,X
JOISLTZ,X,X
JOISLZT,X,X
JOISZTL,X,X
JOISZLT,X,X
JOIZTLS,X,X
JOIZTSL,X,X
JOIZLTS,X,X
JOIZLST,X,X
JOIZSTL,X,X
JOIZSLT,X,X
JOLTISZ,X,X
JOLTIZS,X,X
JOLTSIZ,X,X
JOLTSZI,X,X
JOLTZIS,X,X
JOLTZSI,X,X
JOLITSZ,X,X
JOLITZS,X,X
JOLISTZ,X,X
JOLISZT,X,X
JOLIZTS,X,X
JOLIZST,X,X
JOLSTIZ,X,X
JOLSTZI,X,X
JOLSITZ,X,X
JOLSIZT,X,X
JOLSZTI,X,X
JOLSZIT,X,X
JOLZTIS,X,X
JOLZTSI,X,X
JOLZITS,X,X
JOLZIST,X,X
JOLZSTI,X,X
JOLZSIT,X,X
JOSTILZ,X,X
JOSTIZL,X,X
JOSTLIZ,X,X
JOSTLZI,X,X
JOSTZIL,X,X
JOSTZLI,O,X
JOSITLZ,X,X
JOSITZL,X,X
JOSILTZ,X,X
JOSILZT,X,X
JOSIZTL,X,X
JOSIZLT,X,X
JOSLTIZ,X,X
JOSLTZI,X,X
JOSLITZ,X,X
JOSLIZT,X,X
JOSLZTI,X,X
JOSLZIT,X,X
JOSZTIL,X,X
JOSZTLI,O,X
JOSZITL,X,X
JOSZILT,X,X
JOSZLTI,X,X
JOSZLIT,X,X
JOZTILS,X,X
JOZTISL,X,X
JOZTLIS,X,X
JOZTLSI,X,X
JOZTSIL,X,X
JOZTSLI,O,X
JOZITLS,X,X
JOZITSL,X,X
JOZILTS,X,X
JOZILST,X,X
JOZISTL,X,X
JOZISLT,X,X
JOZLTIS,X,X
JOZLTSI,X,X
JOZLITS,X,X
JOZLIST,X,X
JOZLSTI,X,X
JOZLSIT,X,X
JOZSTIL,X,X
JOZSTLI,O,X
JOZSITL,X,X
JOZSILT,X,X
JOZSLTI,X,X
JOZSLIT,X,X
STILJZO,X,X
STILJOZ,X,X
STILZJO,X,X
STILZOJ,X,X
STILOJZ,X,X
STILOZJ,X,X
STIJLZO,X,X
STIJLOZ,X,X
STIJZLO,X,X
STIJZOL,O,X
STIJOLZ,X,X
STIJOZL,O,X
STIZLJO,X,X
STIZLOJ,X,X
STIZJLO,X,X
STIZJOL,O,X
STIZOLJ,X,X
STIZOJL,X,X
STIOLJZ,X,X
STIOLZJ,X,X
STIOJLZ,X,X
STIOJZL,X,X
STIOZLJ,X,X
STIOZJL,X,X
STLIJZO,X,X
STLIJOZ,X,X
STLIZJO,X,X
STLIZOJ,X,X
STLIOJZ,X,X
STLIOZJ,X,X
STLJIZO,X,X
STLJIOZ,X,X
STLJZIO,X,X
STLJZOI,X,X
STLJOIZ,X,X
STLJOZI,X,X
STLZIJO,X,X
STLZIOJ,X,X
STLZJIO,X,X
STLZJOI,X,X
STLZOIJ,X,O
STLZOJI,X,O
STLOIJZ,X,O
STLOIZJ,X,O
STLOJIZ,X,X
STLOJZI,X,O
STLOZIJ,X,O
STLOZJI,X,O
STJILZO,X,X
STJILOZ,X,X
STJIZLO,X,X
STJIZOL,O,X
STJIOLZ,X,X
STJIOZL,O,X
STJLIZO,X,X
STJLIOZ,X,X
STJLZIO,X,X
STJLZOI,X,X
STJLOIZ,X,X
STJLOZI,X,X
STJZILO,X,X
STJZIOL,O,X
STJZLIO,X,X
STJZLOI,X,X
STJZOIL,X,X
STJZOLI,O,X
STJOILZ,X,X
STJOIZL,X,X
STJOLIZ,X,X
STJOLZI,X,X
STJOZIL,X,X
STJOZLI,O,X
STZILJO,X,X
STZILOJ,X,X
STZIJLO,X,X
STZIJOL,O,X
STZIOLJ,X,X
STZIOJL,X,X
STZLIJO,X,X
STZLIOJ,X,X
STZLJIO,X,X
STZLJOI,X,X
STZLOIJ,X,O
STZLOJI,X,O
STZJILO,X,X
STZJIOL,O,X
STZJLIO,X,X
STZJLOI,X,X
STZJOIL,X,X
STZJOLI,O,X
STZOILJ,X,X
STZOIJL,X,X
STZOLIJ,X,O
STZOLJI,X,O
STZOJIL,X,X
STZOJLI,X,X
STOILJZ,X,X
STOILZJ,X,X
STOIJLZ,X,X
STOIJZL,X,X
STOIZLJ,X,X
STOIZJL,X,X
STOLIJZ,X,O
STOLIZJ,X,O
STOLJIZ,X,X
STOLJZI,X,O
STOLZIJ,X,O
STOLZJI,X,O
STOJILZ,X,X
STOJIZL,X,X
STOJLIZ,X,X
STOJLZI,X,X
STOJZIL,X,X
STOJZLI,X,X
STOZILJ,X,X
STOZIJL,X,X
STOZLIJ,X,O
STOZLJI,X,O
STOZJIL,X,X
STOZJLI,X,X
SITLJZO,X,X
SITLJOZ,X,X
SITLZJO,X,X
SITLZOJ,X,X
SITLOJZ,X,X
SITLOZJ,X,X
SITJLZO,X,X
SITJLOZ,X,X
SITJZLO,X,X
SITJZOL,O,X
SITJOLZ,X,X
SITJOZL,O,X
SITZLJO,X,X
SITZLOJ,X,X
SITZJLO,X,X
SITZJOL,O,X
SITZOLJ,X,X
SITZOJL,X,X
SITOLJZ,X,X
SITOLZJ,X,X
SITOJLZ,X,X
SITOJZL,X,X
SITOZLJ,X,X
SITOZJL,X,X
SILTJZO,X,X
SILTJOZ,X,X
SILTZJO,X,X
SILTZOJ,X,X
SILTOJZ,X,X
SILTOZJ,X,X
SILJTZO,X,X
SILJTOZ,X,X
SILJZTO,X,X
SILJZOT,X,X
SILJOTZ,X,X
SILJOZT,X,X
SILZTJO,X,X
SILZTOJ,X,X
SILZJTO,X,X
SILZJOT,X,X
SILZOTJ,X,X
SILZOJT,X,X
SILOTJZ,X,X
SILOTZJ,X,X
SILOJTZ,X,X
SILOJZT,X,X
SILOZTJ,X,X
SILOZJT,X,X
SIJTLZO,X,X
SIJTLOZ,X,X
SIJTZLO,X,X
SIJTZOL,O,X
SIJTOLZ,X,X
SIJTOZL,O,X
SIJLTZO,X,X
SIJLTOZ,X,X
SIJLZTO,X,X
SIJLZOT,X,X
SIJLOTZ,X,X
SIJLOZT,X,X
SIJZTLO,X,X
SIJZTOL,O,X
SIJZLTO,X,X
SIJZLOT,X,X
SIJZOTL,O,X
SIJZOLT,X,X
SIJOTLZ,X,X
SIJOTZL,O,X
SIJOLTZ,X,X
SIJOLZT,X,X
SIJOZTL,O,X
SIJOZLT,X,X
SIZTLJO,X,X
SIZTLOJ,X,X
SIZTJLO,X,X
SIZTJOL,O,X
SIZTOLJ,X,X
SIZTOJL,X,X
SIZLTJO,X,X
SIZLTOJ,X,X
SIZLJTO,X,X
SIZLJOT,X,X
SIZLOTJ,X,X
SIZLOJT,X,X
SIZJTLO,X,X
SIZJTOL,O,X
SIZJLTO,X,X
SIZJLOT,X,X
SIZJOTL,O,X
SIZJOLT,X,X
SIZOTLJ,X,X
SIZOTJL,X,X
SIZOLTJ,X,X
SIZOLJT,X,X
SIZOJTL,X,X
SIZOJLT,X,X
SIOTLJZ,X,X
SIOTLZJ,X,X
SIOTJLZ,X,X
SIOTJZL,X,X
SIOTZLJ,X,X
SIOTZJL,X,X
SIOLTJZ,X,X
SIOLTZJ,X,X
SIOLJTZ,X,X
SIOLJZT,X,X
SIOLZTJ,X,X
SIOLZJT,X,X
SIOJTLZ,X,X
SIOJTZL,X,X
SIOJLTZ,X,X
SIOJLZT,X,X
SIOJZTL,X,X
SIOJZLT,X,X
SIOZTLJ,X,X
SIOZTJL,X,X
SIOZLTJ,X,X
SIOZLJT,X,X
SIOZJTL,X,X
SIOZJLT,X,X
SLTIJZO,X,X
SLTIJOZ,X,X
SLTIZJO,X,X
SLTIZOJ,X,X
SLTIOJZ,X,X
SLTIOZJ,X,X
SLTJIZO,X,X
SLTJIOZ,X,X
SLTJZIO,X,X
SLTJZOI,X,X
SLTJOIZ,X,X
SLTJOZI,X,X
SLTZIJO,X,X
SLTZIOJ,X,X
SLTZJIO,X,X
SLTZJOI,X,X
SLTZOIJ,X,O
SLTZOJI,X,O
SLTOIJZ,X,O
SLTOIZJ,X,O
SLTOJIZ,X,X
SLTOJZI,X,O
SLTOZIJ,X,O
SLTOZJI,X,O
SLITJZO,X,X
SLITJOZ,X,X
SLITZJO,X,X
SLITZOJ,X,X
SLITOJZ,X,X
SLITOZJ,X,X
SLIJTZO,X,X
SLIJTOZ,X,X
SLIJZTO,X,X
SLIJZOT,X,X
SLIJOTZ,X,X
SLIJOZT,X,X
SLIZTJO,X,X
SLIZTOJ,X,X
SLIZJTO,X,X
SLIZJOT,X,X
SLIZOTJ,X,X
SLIZOJT,X,X
SLIOTJZ,X,X
SLIOTZJ,X,X
SLIOJTZ,X,X
SLIOJZT,X,X
SLIOZTJ,X,X
SLIOZJT,X,X
SLJTIZO,X,X
SLJTIOZ,X,X
SLJTZIO,X,X
SLJTZOI,X,X
SLJTOIZ,X,X
SLJTOZI,X,X
SLJITZO,X,X
SLJITOZ,X,X
SLJIZTO,X,X
SLJIZOT,X,X
SLJIOTZ,X,X
SLJIOZT,X,X
SLJZTIO,X,X
SLJZTOI,X,X
SLJZITO,X,X
SLJZIOT,X,X
SLJZOTI,X,X
SLJZOIT,X,X
SLJOTIZ,X,X
SLJOTZI,X,X
SLJOITZ,X,X
SLJOIZT,X,X
SLJOZTI,X,X
SLJOZIT,X,X
SLZTIJO,X,X
SLZTIOJ,X,X
SLZTJIO,X,X
SLZTJOI,X,X
SLZTOIJ,X,O
SLZTOJI,X,O
SLZITJO,X,X
SLZITOJ,X,X
SLZIJTO,X,X
SLZIJOT,X,X
SLZIOTJ,X,X
SLZIOJT,X,X
SLZJTIO,X,X
SLZJTOI,X,X
SLZJITO,X,X
SLZJIOT,X,X
SLZJOTI,X,X
SLZJOIT,X,X
SLZOTIJ,X,O
SLZOTJI,X,O
SLZOITJ,X,O
SLZOIJT,X,O
SLZOJTI,X,O
SLZOJIT,X,X
SLOTIJZ,X,O
SLOTIZJ,X,O
SLOTJIZ,X,X
SLOTJZI,X,O
SLOTZIJ,X,O
SLOTZJI,X,O
SLOITJZ,X,O
SLOITZJ,X,O
SLOIJTZ,X,O
SLOIJZT,X,O
SLOIZTJ,X,O
SLOIZJT,X,O
SLOJTIZ,X,X
SLOJTZI,X,O
SLOJITZ,X,X
SLOJIZT,X,X
SLOJZTI,X,O
SLOJZIT,X,X
SLOZTIJ,X,O
SLOZTJI,X,O
SLOZITJ,X,O
SLOZIJT,X,O
SLOZJTI,X,O
SLOZJIT,X,X
SJTILZO,X,X
SJTILOZ,X,X
SJTIZLO,X,X
SJTIZOL,O,X
SJTIOLZ,X,X
SJTIOZL,O,X
SJTLIZO,X,X
SJTLIOZ,X,X
SJTLZIO,X,X
SJTLZOI,X,X
SJTLOIZ,X,X
SJTLOZI,X,X
SJTZILO,X,X
SJTZIOL,O,X
SJTZLIO,X,X
SJTZLOI,X,X
SJTZOIL,X,X
SJTZOLI,O,X
SJTOILZ,X,X
SJTOIZL,X,X
SJTOLIZ,X,X
SJTOLZI,X,X
SJTOZIL,X,X
SJTOZLI,O,X
SJITLZO,X,X
SJITLOZ,X,X
SJITZLO,X,X
SJITZOL,O,X
SJITOLZ,X,X
SJITOZL,O,X
SJILTZO,X,X
SJILTOZ,X,X
SJILZTO,X,X
SJILZOT,X,X
SJILOTZ,X,X
SJILOZT,X,X
SJIZTLO,X,X
SJIZTOL,O,X
SJIZLTO,X,X
SJIZLOT,X,X
SJIZOTL,O,X
SJIZOLT,X,X
SJIOTLZ,X,X
SJIOTZL,O,X
SJIOLTZ,X,X
SJIOLZT,X,X
SJIOZTL,O,X
SJIOZLT,X,X
SJLTIZO,X,X
SJLTIOZ,X,X
SJLTZIO,X,X
SJLTZOI,X,X
SJLTOIZ,X,X
SJLTOZI,X,X
SJLITZO,X,X
SJLITOZ,X,X
SJLIZTO,X,X
SJLIZOT,X,X
SJLIOTZ,X,X
SJLIOZT,X,X
SJLZTIO,X,X
SJLZTOI,X,X
SJLZITO,X,X
SJLZIOT,X,X
SJLZOTI,X,X
SJLZOIT,X,X
SJLOTIZ,X,X
SJLOTZI,X,X
SJLOITZ,X,X
SJLOIZT,X,X
SJLOZTI,X,X
SJLOZIT,X,X
SJZTILO,X,X
SJZTIOL,O,X
SJZTLIO,X,X
SJZTLOI,X,X
SJZTOIL,X,X
SJZTOLI,O,X
SJZITLO,X,X
SJZITOL,O,X
SJZILTO,X,X
SJZILOT,X,X
SJZIOTL,O,X
SJZIOLT,X,X
SJZLTIO,X,X
SJZLTOI,X,X
SJZLITO,X,X
SJZLIOT,X,X
SJZLOTI,X,X
SJZLOIT,X,X
SJZOTIL,X,X
SJZOTLI,O,X
SJZOITL,X,X
SJZOILT,X,X
SJZOLTI,X,X
SJZOLIT,X,X
SJOTILZ,X,X
SJOTIZL,X,X
SJOTLIZ,X,X
SJOTLZI,X,X
SJOTZIL,X,X
SJOTZLI,O,X
SJOITLZ,X,X
SJOITZL,X,X
SJOILTZ,X,X
SJOILZT,X,X
SJOIZTL,X,X
SJOIZLT,X,X
SJOLTIZ,X,X
SJOLTZI,X,X
SJOLITZ,X,X
SJOLIZT,X,X
SJOLZTI,X,X
SJOLZIT,X,X
SJOZTIL,X,X
SJOZTLI,O,X
SJOZITL,X,X
SJOZILT,X,X
SJOZLTI,X,X
SJOZLIT,X,X
SZTILJO,X,X
SZTILOJ,X,X
SZTIJLO,X,X
SZTIJOL,O,X
SZTIOLJ,X,X
SZTIOJL,X,X
SZTLIJO,X,X
SZTLIOJ,X,X
SZTLJIO,X,X
SZTLJOI,X,X
SZTLOIJ,X,O
SZTLOJI,X,O
SZTJILO,X,X
SZTJIOL,O,X
SZTJLIO,X,X
SZTJLOI,X,X
SZTJOIL,X,X
SZTJOLI,O,X
SZTOILJ,X,X
SZTOIJL,X,X
SZTOLIJ,X,O
SZTOLJI,X,O
SZTOJIL,X,X
SZTOJLI,X,X
SZITLJO,X,X
SZITLOJ,X,X
SZITJLO,X,X
SZITJOL,O,X
SZITOLJ,X,X
SZITOJL,X,X
SZILTJO,X,X
SZILTOJ,X,X
SZILJTO,X,X
SZILJOT,X,X
SZILOTJ,X,X
SZILOJT,X,X
SZIJTLO,X,X
SZIJTOL,O,X
SZIJLTO,X,X
SZIJLOT,X,X
SZIJOTL,O,X
SZIJOLT,X,X
SZIOTLJ,X,X
SZIOTJL,X,X
SZIOLTJ,X,X
SZIOLJT,X,X
SZIOJTL,X,X
SZIOJLT,X,X
SZLTIJO,X,X
SZLTIOJ,X,X
SZLTJIO,X,X
SZLTJOI,X,X
SZLTOIJ,X,O
SZLTOJI,X,O
SZLITJO,X,X
SZLITOJ,X,X
SZLIJTO,X,X
SZLIJOT,X,X
SZLIOTJ,X,X
SZLIOJT,X,X
SZLJTIO,X,X
SZLJTOI,X,X
SZLJITO,X,X
SZLJIOT,X,X
SZLJOTI,X,X
SZLJOIT,X,X
SZLOTIJ,X,O
SZLOTJI,X,O
SZLOITJ,X,O
SZLOIJT,X,O
SZLOJTI,X,O
SZLOJIT,X,X
SZJTILO,X,X
SZJTIOL,O,X
SZJTLIO,X,X
SZJTLOI,X,X
SZJTOIL,X,X
SZJTOLI,O,X
SZJITLO,X,X
SZJITOL,O,X
SZJILTO,X,X
SZJILOT,X,X
SZJIOTL,O,X
SZJIOLT,X,X
SZJLTIO,X,X
SZJLTOI,X,X
SZJLITO,X,X
SZJLIOT,X,X
SZJLOTI,X,X
SZJLOIT,X,X
SZJOTIL,X,X
SZJOTLI,O,X
SZJOITL,X,X
SZJOILT,X,X
SZJOLTI,X,X
SZJOLIT,X,X
SZOTILJ,X,X
SZOTIJL,X,X
SZOTLIJ,X,O
SZOTLJI,X,O
SZOTJIL,X,X
SZOTJLI,X,X
SZOITLJ,X,X
SZOITJL,X,X
SZOILTJ,X,X
SZOILJT,X,X
SZOIJTL,X,X
SZOIJLT,X,X
SZOLTIJ,X,O
SZOLTJI,X,O
SZOLITJ,X,O
SZOLIJT,X,O
SZOLJTI,X,O
SZOLJIT,X,X
SZOJTIL,X,X
SZOJTLI,X,X
SZOJITL,X,X
SZOJILT,X,X
SZOJLTI,X,X
SZOJLIT,X,X
SOTILJZ,X,X
SOTILZJ,X,X
SOTIJLZ,X,X
SOTIJZL,X,X
SOTIZLJ,X,X
SOTIZJL,X,X
SOTLIJZ,X,O
SOTLIZJ,X,O
SOTLJIZ,X,X
SOTLJZI,X,O
SOTLZIJ,X,O
SOTLZJI,X,O
SOTJILZ,X,X
SOTJIZL,X,X
SOTJLIZ,X,X
SOTJLZI,X,X
SOTJZIL,X,X
SOTJZLI,X,X
SOTZILJ,X,X
SOTZIJL,X,X
SOTZLIJ,X,O
SOTZLJI,X,O
SOTZJIL,X,X
SOTZJLI,X,X
SOITLJZ,X,X
SOITLZJ,X,X
SOITJLZ,X,X
SOITJZL,X,X
SOITZLJ,X,X
SOITZJL,X,X
SOILTJZ,X,X
SOILTZJ,X,X
SOILJTZ,X,X
SOILJZT,X,X
SOILZTJ,X,X
SOILZJT,X,X
SOIJTLZ,X,X
SOIJTZL,X,X
SOIJLTZ,X,X
SOIJLZT,X,X
SOIJZTL,X,X
SOIJZLT,X,X
SOIZTLJ,X,X
SOIZTJL,X,X
SOIZLTJ,X,X
SOIZLJT,X,X
SOIZJTL,X,X
SOIZJLT,X,X
SOLTIJZ,X,O
SOLTIZJ,X,O
SOLTJIZ,X,X
SOLTJZI,X,O
SOLTZIJ,X,O
SOLTZJI,X,O
SOLITJZ,X,O
SOLITZJ,X,O
SOLIJTZ,X,O
SOLIJZT,X,O
SOLIZTJ,X,O
SOLIZJT,X,O
SOLJTIZ,X,X
SOLJTZI,X,O
SOLJITZ,X,X
SOLJIZT,X,X
SOLJZTI,X,O
SOLJZIT,X,X
SOLZTIJ,X,O
SOLZTJI,X,O
SOLZITJ,X,O
SOLZIJT,X,O
SOLZJTI,X,O
SOLZJIT,X,X
SOJTILZ,X,X
SOJTIZL,X,X
SOJTLIZ,X,X
SOJTLZI,X,X
SOJTZIL,X,X
SOJTZLI,X,X
SOJITLZ,X,X
SOJITZL,X,X
SOJILTZ,X,X
SOJILZT,X,X
SOJIZTL,X,X
SOJIZLT,X,X
SOJLTIZ,X,X
SOJLTZI,X,X
SOJLITZ,X,X
SOJLIZT,X,X
SOJLZTI,X,X
SOJLZIT,X,X
SOJZTIL,X,X
SOJZTLI,X,X
SOJZITL,X,X
SOJZILT,X,X
SOJZLTI,X,X
SOJZLIT,X,X
SOZTILJ,X,X
SOZTIJL,X,X
SOZTLIJ,X,O
SOZTLJI,X,O
SOZTJIL,X,X
SOZTJLI,X,X
SOZITLJ,X,X
SOZITJL,X,X
SOZILTJ,X,X
SOZILJT,X,X
SOZIJTL,X,X
SOZIJLT,X,X
SOZLTIJ,X,O
SOZLTJI,X,O
SOZLITJ,X,O
SOZLIJT,X,O
SOZLJTI,X,O
SOZLJIT,X,X
SOZJTIL,X,X
SOZJTLI,X,X
SOZJITL,X,X
SOZJILT,X,X
SOZJLTI,X,X
SOZJLIT,X,X
ZTILJSO,X,X
ZTILJOS,X,X
ZTILSJO,X,X
ZTILSOJ,X,X
ZTILOJS,X,X
ZTILOSJ,X,X
ZTIJLSO,X,X
ZTIJLOS,X,X
ZTIJSLO,X,X
ZTIJSOL,O,X
ZTIJOLS,X,X
ZTIJOSL,O,X
ZTISLJO,X,X
ZTISLOJ,X,X
ZTISJLO,X,X
ZTISJOL,O,X
ZTISOLJ,X,X
ZTISOJL,X,X
ZTIOLJS,X,X
ZTIOLSJ,X,X
ZTIOJLS,X,X
ZTIOJSL,X,X
ZTIOSLJ,X,X
ZTIOSJL,X,X
ZTLIJSO,X,X
ZTLIJOS,X,X
ZTLISJO,X,X
ZTLISOJ,X,X
ZTLIOJS,X,X
ZTLIOSJ,X,X
ZTLJISO,X,X
ZTLJIOS,X,X
ZTLJSIO,X,X
ZTLJSOI,X,X
ZTLJOIS,X,X
ZTLJOSI,X,X
ZTLSIJO,X,X
ZTLSIOJ,X,X
ZTLSJIO,X,X
ZTLSJOI,X,X
ZTLSOIJ,X,O
ZTLSOJI,X,O
ZTLOIJS,X,O
ZTLOISJ,X,O
ZTLOJIS,X,X
ZTLOJSI,X,O
ZTLOSIJ,X,O
ZTLOSJI,X,O
ZTJILSO,X,X
ZTJILOS,X,X
ZTJISLO,X,X
ZTJISOL,O,X
ZTJIOLS,X,X
ZTJIOSL,O,X
ZTJLISO,X,X
ZTJLIOS,X,X
ZTJLSIO,X,X
ZTJLSOI,X,X
ZTJLOIS,X,X
ZTJLOSI,X,X
ZTJSILO,X,X
ZTJSIOL,O,X
ZTJSLIO,X,X
ZTJSLOI,X,X
ZTJSOIL,X,X
ZTJSOLI,O,X
ZTJOILS,X,X
ZTJOISL,X,X
ZTJOLIS,X,X
ZTJOLSI,X,X
ZTJOSIL,X,X
ZTJOSLI,O,X
ZTSILJO,X,X
ZTSILOJ,X,X
ZTSIJLO,X,X
ZTSIJOL,O,X
ZTSIOLJ,X,X
ZTSIOJL,X,X
ZTSLIJO,X,X
ZTSLIOJ,X,X
ZTSLJIO,X,X
ZTSLJOI,X,X
ZTSLOIJ,X,O
ZTSLOJI,X,O
ZTSJILO,X,X
ZTSJIOL,O,X
ZTSJLIO,X,X
ZTSJLOI,X,X
ZTSJOIL,X,X
ZTSJOLI,O,X
ZTSOILJ,X,X
ZTSOIJL,X,X
ZTSOLIJ,X,O
ZTSOLJI,X,O
ZTSOJIL,X,X
ZTSOJLI,X,X
ZTOILJS,X,X
ZTOILSJ,X,X
ZTOIJLS,X,X
ZTOIJSL,X,X
ZTOISLJ,X,X
ZTOISJL,X,X
ZTOLIJS,X,O
ZTOLISJ,X,O
ZTOLJIS,X,X
ZTOLJSI,X,O
ZTOLSIJ,X,O
ZTOLSJI,X,O
ZTOJILS,X,X
ZTOJISL,X,X
ZTOJLIS,X,X
ZTOJLSI,X,X
ZTOJSIL,X,X
ZTOJSLI,X,X
ZTOSILJ,X,X
ZTOSIJL,X,X
ZTOSLIJ,X,O
ZTOSLJI,X,O
ZTOSJIL,X,X
ZTOSJLI,X,X
ZITLJSO,X,X
ZITLJOS,X,X
ZITLSJO,X,X
ZITLSOJ,X,X
ZITLOJS,X,X
ZITLOSJ,X,X
ZITJLSO,X,X
ZITJLOS,X,X
ZITJSLO,X,X
ZITJSOL,O,X
ZITJOLS,X,X
ZITJOSL,O,X
ZITSLJO,X,X
ZITSLOJ,X,X
ZITSJLO,X,X
ZITSJOL,O,X
ZITSOLJ,X,X
ZITSOJL,X,X
ZITOLJS,X,X
ZITOLSJ,X,X
ZITOJLS,X,X
ZITOJSL,X,X
ZITOSLJ,X,X
ZITOSJL,X,X
ZILTJSO,X,X
ZILTJOS,X,X
ZILTSJO,X,X
ZILTSOJ,X,X
ZILTOJS,X,X
ZILTOSJ,X,X
ZILJTSO,X,X
ZILJTOS,X,X
ZILJSTO,X,X
ZILJSOT,X,X
ZILJOTS,X,X
ZILJOST,X,X
ZILSTJO,X,X
ZILSTOJ,X,X
ZILSJTO,X,X
ZILSJOT,X,X
ZILSOTJ,X,X
ZILSOJT,X,X
ZILOTJS,X,X
ZILOTSJ,X,X
ZILOJTS,X,X
ZILOJST,X,X
ZILOSTJ,X,X
ZILOSJT,X,X
ZIJTLSO,X,X
ZIJTLOS,X,X
ZIJTSLO,X,X
ZIJTSOL,O,X
ZIJTOLS,X,X
ZIJTOSL,O,X
ZIJLTSO,X,X
ZIJLTOS,X,X
ZIJLSTO,X,X
ZIJLSOT,X,X
ZIJLOTS,X,X
ZIJLOST,X,X
ZIJSTLO,X,X
ZIJSTOL,O,X
ZIJSLTO,X,X
ZIJSLOT,X,X
ZIJSOTL,O,X
ZIJSOLT,X,X
ZIJOTLS,X,X
ZIJOTSL,O,X
ZIJOLTS,X,X
ZIJOLST,X,X
ZIJOSTL,O,X
ZIJOSLT,X,X
ZISTLJO,X,X
ZISTLOJ,X,X
ZISTJLO,X,X
ZISTJOL,O,X
ZISTOLJ,X,X
ZISTOJL,X,X
ZISLTJO,X,X
ZISLTOJ,X,X
ZISLJTO,X,X
ZISLJOT,X,X
ZISLOTJ,X,X
ZISLOJT,X,X
ZISJTLO,X,X
ZISJTOL,O,X
ZISJLTO,X,X
ZISJLOT,X,X
ZISJOTL,O,X
ZISJOLT,X,X
ZISOTLJ,X,X
ZISOTJL,X,X
ZISOLTJ,X,X
ZISOLJT,X,X
ZISOJTL,X,X
ZISOJLT,X,X
ZIOTLJS,X,X
ZIOTLSJ,X,X
ZIOTJLS,X,X
ZIOTJSL,X,X
ZIOTSLJ,X,X
ZIOTSJL,X,X
ZIOLTJS,X,X
ZIOLTSJ,X,X
ZIOLJTS,X,X
ZIOLJST,X,X
ZIOLSTJ,X,X
ZIOLSJT,X,X
ZIOJTLS,X,X
ZIOJTSL,X,X
ZIOJLTS,X,X
ZIOJLST,X,X
ZIOJSTL,X,X
ZIOJSLT,X,X
ZIOSTLJ,X,X
ZIOSTJL,X,X
ZIOSLTJ,X,X
ZIOSLJT,X,X
ZIOSJTL,X,X
ZIOSJLT,X,X
ZLTIJSO,X,X
ZLTIJOS,X,X
ZLTISJO,X,X
ZLTISOJ,X,X
ZLTIOJS,X,X
ZLTIOSJ,X,X
ZLTJISO,X,X
ZLTJIOS,X,X
ZLTJSIO,X,X
ZLTJSOI,X,X
ZLTJOIS,X,X
ZLTJOSI,X,X
ZLTSIJO,X,X
ZLTSIOJ,X,X
ZLTSJIO,X,X
ZLTSJOI,X,X
ZLTSOIJ,X,O
ZLTSOJI,X,O
ZLTOIJS,X,O
ZLTOISJ,X,O
ZLTOJIS,X,X
ZLTOJSI,X,O
ZLTOSIJ,X,O
ZLTOSJI,X,O
ZLITJSO,X,X
ZLITJOS,X,X
ZLITSJO,X,X
ZLITSOJ,X,X
ZLITOJS,X,X
ZLITOSJ,X,X
ZLIJTSO,X,X
ZLIJTOS,X,X
ZLIJSTO,X,X
ZLIJSOT,X,X
ZLIJOTS,X,X
ZLIJOST,X,X
ZLISTJO,X,X
ZLISTOJ,X,X
ZLISJTO,X,X
ZLISJOT,X,X
ZLISOTJ,X,X
ZLISOJT,X,X
ZLIOTJS,X,X
ZLIOTSJ,X,X
ZLIOJTS,X,X
ZLIOJST,X,X
ZLIOSTJ,X,X
ZLIOSJT,X,X
ZLJTISO,X,X
ZLJTIOS,X,X
ZLJTSIO,X,X
ZLJTSOI,X,X
ZLJTOIS,X,X
ZLJTOSI,X,X
ZLJITSO,X,X
ZLJITOS,X,X
ZLJISTO,X,X
ZLJISOT,X,X
ZLJIOTS,X,X
ZLJIOST,X,X
ZLJSTIO,X,X
ZLJSTOI,X,X
ZLJSITO,X,X
ZLJSIOT,X,X
ZLJSOTI,X,X
ZLJSOIT,X,X
ZLJOTIS,X,X
ZLJOTSI,X,X
ZLJOITS,X,X
ZLJOIST,X,X
ZLJOSTI,X,X
ZLJOSIT,X,X
ZLSTIJO,X,X
ZLSTIOJ,X,X
ZLSTJIO,X,X
ZLSTJOI,X,X
ZLSTOIJ,X,O
ZLSTOJI,X,O
ZLSITJO,X,X
ZLSITOJ,X,X
ZLSIJTO,X,X
ZLSIJOT,X,X
ZLSIOTJ,X,X
ZLSIOJT,X,X
ZLSJTIO,X,X
ZLSJTOI,X,X
ZLSJITO,X,X
ZLSJIOT,X,X
ZLSJOTI,X,X
ZLSJOIT,X,X
ZLSOTIJ,X,O
ZLSOTJI,X,O
ZLSOITJ,X,O
ZLSOIJT,X,O
ZLSOJTI,X,O
ZLSOJIT,X,X
ZLOTIJS,X,O
ZLOTISJ,X,O
ZLOTJIS,X,X
ZLOTJSI,X,O
ZLOTSIJ,X,O
ZLOTSJI,X,O
ZLOITJS,X,O
ZLOITSJ,X,O
ZLOIJTS,X,O
ZLOIJST,X,O
ZLOISTJ,X,O
ZLOISJT,X,O
ZLOJTIS,X,X
ZLOJTSI,X,O
ZLOJITS,X,X
ZLOJIST,X,X
ZLOJSTI,X,O
ZLOJSIT,X,X
ZLOSTIJ,X,O
ZLOSTJI,X,O
ZLOSITJ,X,O
ZLOSIJT,X,O
ZLOSJTI,X,O
ZLOSJIT,X,X
ZJTILSO,X,X
ZJTILOS,X,X
ZJTISLO,X,X
ZJTISOL,O,X
ZJTIOLS,X,X
ZJTIOSL,O,X
ZJTLISO,X,X
ZJTLIOS,X,X
ZJTLSIO,X,X
ZJTLSOI,X,X
ZJTLOIS,X,X
ZJTLOSI,X,X
ZJTSILO,X,X
ZJTSIOL,O,X
ZJTSLIO,X,X
ZJTSLOI,X,X
ZJTSOIL,X,X
ZJTSOLI,O,X
ZJTOILS,X,X
ZJTOISL,X,X
ZJTOLIS,X,X
ZJTOLSI,X,X
ZJTOSIL,X,X
ZJTOSLI,O,X
ZJITLSO,X,X
ZJITLOS,X,X
ZJITSLO,X,X
ZJITSOL,O,X
ZJITOLS,X,X
ZJITOSL,O,X
ZJILTSO,X,X
ZJILTOS,X,X
ZJILSTO,X,X
ZJILSOT,X,X
ZJILOTS,X,X
ZJILOST,X,X
ZJISTLO,X,X
ZJISTOL,O,X
ZJISLTO,X,X
ZJISLOT,X,X
ZJISOTL,O,X
ZJISOLT,X,X
ZJIOTLS,X,X
ZJIOTSL,O,X
ZJIOLTS,X,X
ZJIOLST,X,X
ZJIOSTL,O,X
ZJIOSLT,X,X
ZJLTISO,X,X
ZJLTIOS,X,X
ZJLTSIO,X,X
ZJLTSOI,X,X
ZJLTOIS,X,X
ZJLTOSI,X,X
ZJLITSO,X,X
ZJLITOS,X,X
ZJLISTO,X,X
ZJLISOT,X,X
ZJLIOTS,X,X
ZJLIOST,X,X
ZJLSTIO,X,X
ZJLSTOI,X,X
ZJLSITO,X,X
ZJLSIOT,X,X
ZJLSOTI,X,X
ZJLSOIT,X,X
ZJLOTIS,X,X
ZJLOTSI,X,X
ZJLOITS,X,X
ZJLOIST,X,X
ZJLOSTI,X,X
ZJLOSIT,X,X
ZJSTILO,X,X
ZJSTIOL,O,X
ZJSTLIO,X,X
ZJSTLOI,X,X
ZJSTOIL,X,X
ZJSTOLI,O,X
ZJSITLO,X,X
ZJSITOL,O,X
ZJSILTO,X,X
ZJSILOT,X,X
ZJSIOTL,O,X
ZJSIOLT,X,X
ZJSLTIO,X,X
ZJSLTOI,X,X
ZJSLITO,X,X
ZJSLIOT,X,X
ZJSLOTI,X,X
ZJSLOIT,X,X
ZJSOTIL,X,X
ZJSOTLI,O,X
ZJSOITL,X,X
ZJSOILT,X,X
ZJSOLTI,X,X
ZJSOLIT,X,X
ZJOTILS,X,X
ZJOTISL,X,X
ZJOTLIS,X,X
ZJOTLSI,X,X
ZJOTSIL,X,X
ZJOTSLI,O,X
ZJOITLS,X,X
ZJOITSL,X,X
ZJOILTS,X,X
ZJOILST,X,X
ZJOISTL,X,X
ZJOISLT,X,X
ZJOLTIS,X,X
ZJOLTSI,X,X
ZJOLITS,X,X
ZJOLIST,X,X
ZJOLSTI,X,X
ZJOLSIT,X,X
ZJOSTIL,X,X
ZJOSTLI,O,X
ZJOSITL,X,X
ZJOSILT,X,X
ZJOSLTI,X,X
ZJOSLIT,X,X
ZSTILJO,X,X
ZSTILOJ,X,X
ZSTIJLO,X,X
ZSTIJOL,O,X
ZSTIOLJ,X,X
ZSTIOJL,X,X
ZSTLIJO,X,X
ZSTLIOJ,X,X
ZSTLJIO,X,X
ZSTLJOI,X,X
ZSTLOIJ,X,O
ZSTLOJI,X,O
ZSTJILO,X,X
ZSTJIOL,O,X
ZSTJLIO,X,X
ZSTJLOI,X,X
ZSTJOIL,X,X
ZSTJOLI,O,X
ZSTOILJ,X,X
ZSTOIJL,X,X
ZSTOLIJ,X,O
ZSTOLJI,X,O
ZSTOJIL,X,X
ZSTOJLI,X,X
ZSITLJO,X,X
ZSITLOJ,X,X
ZSITJLO,X,X
ZSITJOL,O,X
ZSITOLJ,X,X
ZSITOJL,X,X
ZSILTJO,X,X
ZSILTOJ,X,X
ZSILJTO,X,X
ZSILJOT,X,X
ZSILOTJ,X,X
ZSILOJT,X,X
ZSIJTLO,X,X
ZSIJTOL,O,X
ZSIJLTO,X,X
ZSIJLOT,X,X
ZSIJOTL,O,X
ZSIJOLT,X,X
ZSIOTLJ,X,X
ZSIOTJL,X,X
ZSIOLTJ,X,X
ZSIOLJT,X,X
ZSIOJTL,X,X
ZSIOJLT,X,X
ZSLTIJO,X,X
ZSLTIOJ,X,X
ZSLTJIO,X,X
ZSLTJOI,X,X
ZSLTOIJ,X,O
ZSLTOJI,X,O
ZSLITJO,X,X
ZSLITOJ,X,X
ZSLIJTO,X,X
ZSLIJOT,X,X
ZSLIOTJ,X,X
ZSLIOJT,X,X
ZSLJTIO,X,X
ZSLJTOI,X,X
ZSLJITO,X,X
ZSLJIOT,X,X
ZSLJOTI,X,X
ZSLJOIT,X,X
ZSLOTIJ,X,O
ZSLOTJI,X,O
ZSLOITJ,X,O
ZSLOIJT,X,O
ZSLOJTI,X,O
ZSLOJIT,X,X
ZSJTILO,X,X
ZSJTIOL,O,X
ZSJTLIO,X,X
ZSJTLOI,X,X
ZSJTOIL,X,X
ZSJTOLI,O,X
ZSJITLO,X,X
ZSJITOL,O,X
ZSJILTO,X,X
ZSJILOT,X,X
ZSJIOTL,O,X
ZSJIOLT,X,X
ZSJLTIO,X,X
ZSJLTOI,X,X
ZSJLITO,X,X
ZSJLIOT,X,X
ZSJLOTI,X,X
ZSJLOIT,X,X
ZSJOTIL,X,X
ZSJOTLI,O,X
ZSJOITL,X,X
ZSJOILT,X,X
ZSJOLTI,X,X
ZSJOLIT,X,X
ZSOTILJ,X,X
ZSOTIJL,X,X
ZSOTLIJ,X,O
ZSOTLJI,X,O
ZSOTJIL,X,X
ZSOTJLI,X,X
ZSOITLJ,X,X
ZSOITJL,X,X
ZSOILTJ,X,X
ZSOILJT,X,X
ZSOIJTL,X,X
ZSOIJLT,X,X
ZSOLTIJ,X,O
ZSOLTJI,X,O
ZSOLITJ,X,O
ZSOLIJT,X,O
ZSOLJTI,X,O
ZSOLJIT,X,X
ZSOJTIL,X,X
ZSOJTLI,X,X
ZSOJITL,X,X
ZSOJILT,X,X
ZSOJLTI,X,X
ZSOJLIT,X,X
ZOTILJS,X,X
ZOTILSJ,X,X
ZOTIJLS,X,X
ZOTIJSL,X,X
ZOTISLJ,X,X
ZOTISJL,X,X
ZOTLIJS,X,O
ZOTLISJ,X,O
ZOTLJIS,X,X
ZOTLJSI,X,O
ZOTLSIJ,X,O
ZOTLSJI,X,O
ZOTJILS,X,X
ZOTJISL,X,X
ZOTJLIS,X,X
ZOTJLSI,X,X
ZOTJSIL,X,X
ZOTJSLI,X,X
ZOTSILJ,X,X
ZOTSIJL,X,X
ZOTSLIJ,X,O
ZOTSLJI,X,O
ZOTSJIL,X,X
ZOTSJLI,X,X
ZOITLJS,X,X
ZOITLSJ,X,X
ZOITJLS,X,X
ZOITJSL,X,X
ZOITSLJ,X,X
ZOITSJL,X,X
ZOILTJS,X,X
ZOILTSJ,X,X
ZOILJTS,X,X
ZOILJST,X,X
ZOILSTJ,X,X
ZOILSJT,X,X
ZOIJTLS,X,X
ZOIJTSL,X,X
ZOIJLTS,X,X
ZOIJLST,X,X
ZOIJSTL,X,X
ZOIJSLT,X,X
ZOISTLJ,X,X
ZOISTJL,X,X
ZOISLTJ,X,X
ZOISLJT,X,X
ZOISJTL,X,X
ZOISJLT,X,X
ZOLTIJS,X,O
ZOLTISJ,X,O
ZOLTJIS,X,X
ZOLTJSI,X,O
ZOLTSIJ,X,O
ZOLTSJI,X,O
ZOLITJS,X,O
ZOLITSJ,X,O
ZOLIJTS,X,O
ZOLIJST,X,O
ZOLISTJ,X,O
ZOLISJT,X,O
ZOLJTIS,X,X
ZOLJTSI,X,O
ZOLJITS,X,X
ZOLJIST,X,X
ZOLJSTI,X,O
ZOLJSIT,X,X
ZOLSTIJ,X,O
ZOLSTJI,X,O
ZOLSITJ,X,O
ZOLSIJT,X,O
ZOLSJTI,X,O
ZOLSJIT,X,X
ZOJTILS,X,X
ZOJTISL,X,X
ZOJTLIS,X,X
ZOJTLSI,X,X
ZOJTSIL,X,X
ZOJTSLI,X,X
ZOJITLS,X,X
ZOJITSL,X,X
ZOJILTS,X,X
ZOJILST,X,X
ZOJISTL,X,X
ZOJISLT,X,X
ZOJLTIS,X,X
ZOJLTSI,X,X
ZOJLITS,X,X
ZOJLIST,X,X
ZOJLSTI,X,X
ZOJLSIT,X,X
ZOJSTIL,X,X
ZOJSTLI,X,X
ZOJSITL,X,X
ZOJSILT,X,X
ZOJSLTI,X,X
ZOJSLIT,X,X
ZOSTILJ,X,X
ZOSTIJL,X,X
ZOSTLIJ,X,O
ZOSTLJI,X,O
ZOSTJIL,X,X
ZOSTJLI,X,X
ZOSITLJ,X,X
ZOSITJL,X,X
ZOSILTJ,X,X
ZOSILJT,X,X
ZOSIJTL,X,X
ZOSIJLT,X,X
ZOSLTIJ,X,O
ZOSLTJI,X,O
ZOSLITJ,X,O
ZOSLIJT,X,O
ZOSLJTI,X,O
ZOSLJIT,X,X
ZOSJTIL,X,X
ZOSJTLI,X,X
ZOSJITL,X,X
ZOSJILT,X,X
ZOSJLTI,X,X
ZOSJLIT,X,X
OTILJSZ,X,X
OTILJZS,X,X
OTILSJZ,X,X
OTILSZJ,X,X
OTILZJS,X,X
OTILZSJ,X,X
OTIJLSZ,X,X
OTIJLZS,X,X
OTIJSLZ,X,X
OTIJSZL,X,X
OTIJZLS,X,X
OTIJZSL,X,X
OTISLJZ,X,X
OTISLZJ,X,X
OTISJLZ,X,X
OTISJZL,X,X
OTISZLJ,X,X
OTISZJL,X,X
OTIZLJS,X,X
OTIZLSJ,X,X
OTIZJLS,X,X
OTIZJSL,X,X
OTIZSLJ,X,X
OTIZSJL,X,X
OTLIJSZ,X,O
OTLIJZS,X,O
OTLISJZ,X,O
OTLISZJ,X,O
OTLIZJS,X,O
OTLIZSJ,X,O
OTLJISZ,X,X
OTLJIZS,X,X
OTLJSIZ,X,X
OTLJSZI,X,O
OTLJZIS,X,X
OTLJZSI,X,O
OTLSIJZ,X,O
OTLSIZJ,X,O
OTLSJIZ,X,X
OTLSJZI,X,O
OTLSZIJ,X,O
OTLSZJI,X,O
OTLZIJS,X,O
OTLZISJ,X,O
OTLZJIS,X,X
OTLZJSI,X,O
OTLZSIJ,X,O
OTLZSJI,X,O
OTJILSZ,X,X
OTJILZS,X,X
OTJISLZ,X,X
OTJISZL,X,X
OTJIZLS,X,X
OTJIZSL,X,X
OTJLISZ,X,X
OTJLIZS,X,X
OTJLSIZ,X,X
OTJLSZI,X,X
OTJLZIS,X,X
OTJLZSI,X,X
OTJSILZ,X,X
OTJSIZL,X,X
OTJSLIZ,X,X
OTJSLZI,X,X
OTJSZIL,X,X
OTJSZLI,X,X
OTJZILS,X,X
OTJZISL,X,X
OTJZLIS,X,X
OTJZLSI,X,X
OTJZSIL,X,X
OTJZSLI,X,X
OTSILJZ,X,X
OTSILZJ,X,X
OTSIJLZ,X,X
OTSIJZL,X,X
OTSIZLJ,X,X
OTSIZJL,X,X
OTSLIJZ,X,O
OTSLIZJ,X,O
OTSLJIZ,X,X
OTSLJZI,X,O
OTSLZIJ,X,O
OTSLZJI,X,O
OTSJILZ,X,X
OTSJIZL,X,X
OTSJLIZ,X,X
OTSJLZI,X,X
OTSJZIL,X,X
OTSJZLI,X,X
OTSZILJ,X,X
OTSZIJL,X,X
OTSZLIJ,X,O
OTSZLJI,X,O
OTSZJIL,X,X
OTSZJLI,X,X
OTZILJS,X,X
OTZILSJ,X,X
OTZIJLS,X,X
OTZIJSL,X,X
OTZISLJ,X,X
OTZISJL,X,X
OTZLIJS,X,O
OTZLISJ,X,O
OTZLJIS,X,X
OTZLJSI,X,O
OTZLSIJ,X,O
OTZLSJI,X,O
OTZJILS,X,X
OTZJISL,X,X
OTZJLIS,X,X
OTZJLSI,X,X
OTZJSIL,X,X
OTZJSLI,X,X
OTZSILJ,X,X
OTZSIJL,X,X
OTZSLIJ,X,O
OTZSLJI,X,O
OTZSJIL,X,X
OTZSJLI,X,X
OITLJSZ,X,X
OITLJZS,X,X
OITLSJZ,X,X
OITLSZJ,X,X
OITLZJS,X,X
OITLZSJ,X,X
OITJLSZ,X,X
OITJLZS,X,X
OITJSLZ,X,X
OITJSZL,X,X
OITJZLS,X,X
OITJZSL,X,X
OITSLJZ,X,X
OITSLZJ,X,X
OITSJLZ,X,X
OITSJZL,X,X
OITSZLJ,X,X
OITSZJL,X,X
OITZLJS,X,X
OITZLSJ,X,X
OITZJLS,X,X
OITZJSL,X,X
OITZSLJ,X,X
OITZSJL,X,X
OILTJSZ,X,X
OILTJZS,X,X
OILTSJZ,X,X
OILTSZJ,X,X
OILTZJS,X,X
OILTZSJ,X,X
OILJTSZ,X,X
OILJTZS,X,X
OILJSTZ,X,X
OILJSZT,X,X
OILJZTS,X,X
OILJZST,X,X
OILSTJZ,X,X
OILSTZJ,X,X
OILSJTZ,X,X
OILSJZT,X,X
OILSZTJ,X,X
OILSZJT,X,X
OILZTJS,X,X
OILZTSJ,X,X
OILZJTS,X,X
OILZJST,X,X
OILZSTJ,X,X
OILZSJT,X,X
OIJTLSZ,X,X
OIJTLZS,X,X
OIJTSLZ,X,X
OIJTSZL,X,X
OIJTZLS,X,X
OIJTZSL,X,X
OIJLTSZ,X,X
OIJLTZS,X,X
OIJLSTZ,X,X
OIJLSZT,X,X
OIJLZTS,X,X
OIJLZST,X,X
OIJSTLZ,X,X
OIJSTZL,X,X
OIJSLTZ,X,X
OIJSLZT,X,X
OIJSZTL,X,X
OIJSZLT,X,X
OIJZTLS,X,X
OIJZTSL,X,X
OIJZLTS,X,X
OIJZLST,X,X
OIJZSTL,X,X
OIJZSLT,X,X
OISTLJZ,X,X
OISTLZJ,X,X
OISTJLZ,X,X
OISTJZL,X,X
OISTZLJ,X,X
OISTZJL,X,X
OISLTJZ,X,X
OISLTZJ,X,X
OISLJTZ,X,X
OISLJZT,X,X
OISLZTJ,X,X
OISLZJT,X,X
OISJTLZ,X,X
OISJTZL,X,X
OISJLTZ,X,X
OISJLZT,X,X
OISJZTL,X,X
OISJZLT,X,X
OISZTLJ,X,X
OISZTJL,X,X
OISZLTJ,X,X
OISZLJT,X,X
OISZJTL,X,X
OISZJLT,X,X
OIZTLJS,X,X
OIZTLSJ,X,X
OIZTJLS,X,X
OIZTJSL,X,X
OIZTSLJ,X,X
OIZTSJL,X,X
OIZLTJS,X,X
OIZLTSJ,X,X
OIZLJTS,X,X
OIZLJST,X,X
OIZLSTJ,X,X
OIZLSJT,X,X
OIZJTLS,X,X
OIZJTSL,X,X
OIZJLTS,X,X
OIZJLST,X,X
OIZJSTL,X,X
OIZJSLT,X,X
OIZSTLJ,X,X
OIZSTJL,X,X
OIZSLTJ,X,X
OIZSLJT,X,X
OIZSJTL,X,X
OIZSJLT,X,X
OLTIJSZ,X,O
OLTIJZS,X,O
OLTISJZ,X,O
OLTISZJ,X,O
OLTIZJS,X,O
OLTIZSJ,X,O
OLTJISZ,X,X
OLTJIZS,X,X
OLTJSIZ,X,X
OLTJSZI,X,O
OLTJZIS,X,X
OLTJZSI,X,O
OLTSIJZ,X,O
OLTSIZJ,X,O
OLTSJIZ,X,X
OLTSJZI,X,O
OLTSZIJ,X,O
OLTSZJI,X,O
OLTZIJS,X,O
OLTZISJ,X,O
OLTZJIS,X,X
OLTZJSI,X,O
OLTZSIJ,X,O
OLTZSJI,X,O
OLITJSZ,X,O
OLITJZS,X,O
OLITSJZ,X,O
OLITSZJ,X,O
OLITZJS,X,O
OLITZSJ,X,O
OLIJTSZ,X,O
OLIJTZS,X,O
OLIJSTZ,X,O
OLIJSZT,X,O
OLIJZTS,X,O
OLIJZST,X,O
OLISTJZ,X,O
OLISTZJ,X,O
OLISJTZ,X,O
OLISJZT,X,O
OLISZTJ,X,O
OLISZJT,X,O
OLIZTJS,X,O
OLIZTSJ,X,O
OLIZJTS,X,O
OLIZJST,X,O
OLIZSTJ,X,O
OLIZSJT,X,O
OLJTISZ,X,X
OLJTIZS,X,X
OLJTSIZ,X,X
OLJTSZI,X,O
OLJTZIS,X,X
OLJTZSI,X,O
OLJITSZ,X,X
OLJITZS,X,X
OLJISTZ,X,X
OLJISZT,X,X
OLJIZTS,X,X
OLJIZST,X,X
OLJSTIZ,X,X
OLJSTZI,X,O
OLJSITZ,X,X
OLJSIZT,X,X
OLJSZTI,X,O
OLJSZIT,X,X
OLJZTIS,X,X
OLJZTSI,X,O
OLJZITS,X,X
OLJZIST,X,X
OLJZSTI,X,O
OLJZSIT,X,X
OLSTIJZ,X,O
OLSTIZJ,X,O
OLSTJIZ,X,X
OLSTJZI,X,O
OLSTZIJ,X,O
OLSTZJI,X,O
OLSITJZ,X,O
OLSITZJ,X,O
OLSIJTZ,X,O
OLSIJZT,X,O
OLSIZTJ,X,O
OLSIZJT,X,O
OLSJTIZ,X,X
OLSJTZI,X,O
OLSJITZ,X,X
OLSJIZT,X,X
OLSJZTI,X,O
OLSJZIT,X,X
OLSZTIJ,X,O
OLSZTJI,X,O
OLSZITJ,X,O
OLSZIJT,X,O
OLSZJTI,X,O
OLSZJIT,X,X
OLZTIJS,X,O
OLZTISJ,X,O
OLZTJIS,X,X
OLZTJSI,X,O
OLZTSIJ,X,O
OLZTSJI,X,O
OLZITJS,X,O
OLZITSJ,X,O
OLZIJTS,X,O
OLZIJST,X,O
OLZISTJ,X,O
OLZISJT,X,O
OLZJTIS,X,X
OLZJTSI,X,O
OLZJITS,X,X
OLZJIST,X,X
OLZJSTI,X,O
OLZJSIT,X,X
OLZSTIJ,X,O
OLZSTJI,X,O
OLZSITJ,X,O
OLZSIJT,X,O
OLZSJTI,X,O
OLZSJIT,X,X
OJTILSZ,X,X
OJTILZS,X,X
OJTISLZ,X,X
OJTISZL,X,X
OJTIZLS,X,X
OJTIZSL,X,X
OJTLISZ,X,X
OJTLIZS,X,X
OJTLSIZ,X,X
OJTLSZI,X,X
OJTLZIS,X,X
OJTLZSI,X,X
OJTSILZ,X,X
OJTSIZL,X,X
OJTSLIZ,X,X
OJTSLZI,X,X
OJTSZIL,X,X
OJTSZLI,X,X
OJTZILS,X,X
OJTZISL,X,X
OJTZLIS,X,X
OJTZLSI,X,X
OJTZSIL,X,X
OJTZSLI,X,X
OJITLSZ,X,X
OJITLZS,X,X
OJITSLZ,X,X
OJITSZL,X,X
OJITZLS,X,X
OJITZSL,X,X
OJILTSZ,X,X
OJILTZS,X,X
OJILSTZ,X,X
OJILSZT,X,X
OJILZTS,X,X
OJILZST,X,X
OJISTLZ,X,X
OJISTZL,X,X
OJISLTZ,X,X
OJISLZT,X,X
OJISZTL,X,X
OJISZLT,X,X
OJIZTLS,X,X
OJIZTSL,X,X
OJIZLTS,X,X
OJIZLST,X,X
OJIZSTL,X,X
OJIZSLT,X,X
OJLTISZ,X,X
OJLTIZS,X,X
OJLTSIZ,X,X
OJLTSZI,X,X
OJLTZIS,X,X
OJLTZSI,X,X
OJLITSZ,X,X
OJLITZS,X,X
OJLISTZ,X,X
OJLISZT,X,X
OJLIZTS,X,X
OJLIZST,X,X
OJLSTIZ,X,X
OJLSTZI,X,X
OJLSITZ,X,X
OJLSIZT,X,X
OJLSZTI,X,X
OJLSZIT,X,X
OJLZTIS,X,X
OJLZTSI,X,X
OJLZITS,X,X
OJLZIST,X,X
OJLZSTI,X,X
OJLZSIT,X,X
OJSTILZ,X,X
OJSTIZL,X,X
OJSTLIZ,X,X
OJSTLZI,X,X
OJSTZIL,X,X
OJSTZLI,X,X
OJSITLZ,X,X
OJSITZL,X,X
OJSILTZ,X,X
OJSILZT,X,X
OJSIZTL,X,X
OJSIZLT,X,X
OJSLTIZ,X,X
OJSLTZI,X,X
OJSLITZ,X,X
OJSLIZT,X,X
OJSLZTI,X,X
OJSLZIT,X,X
OJSZTIL,X,X
OJSZTLI,X,X
OJSZITL,X,X
OJSZILT,X,X
OJSZLTI,X,X
OJSZLIT,X,X
OJZTILS,X,X
OJZTISL,X,X
OJZTLIS,X,X
OJZTLSI,X,X
OJZTSIL,X,X
OJZTSLI,X,X
OJZITLS,X,X
OJZITSL,X,X
OJZILTS,X,X
OJZILST,X,X
OJZISTL,X,X
OJZISLT,X,X
OJZLTIS,X,X
OJZLTSI,X,X
OJZLITS,X,X
OJZLIST,X,X
OJZLSTI,X,X
OJZLSIT,X,X
OJZSTIL,X,X
OJZSTLI,X,X
OJZSITL,X,X
OJZSILT,X,X
OJZSLTI,X,X
OJZSLIT,X,X
OSTILJZ,X,X
OSTILZJ,X,X
OSTIJLZ,X,X
OSTIJZL,X,X
OSTIZLJ,X,X
OSTIZJL,X,X
OSTLIJZ,X,O
OSTLIZJ,X,O
OSTLJIZ,X,X
OSTLJZI,X,O
OSTLZIJ,X,O
OSTLZJI,X,O
OSTJILZ,X,X
OSTJIZL,X,X
OSTJLIZ,X,X
OSTJLZI,X,X
OSTJZIL,X,X
OSTJZLI,X,X
OSTZILJ,X,X
OSTZIJL,X,X
OSTZLIJ,X,O
OSTZLJI,X,O
OSTZJIL,X,X
OSTZJLI,X,X
OSITLJZ,X,X
OSITLZJ,X,X
OSITJLZ,X,X
OSITJZL,X,X
OSITZLJ,X,X
OSITZJL,X,X
OSILTJZ,X,X
OSILTZJ,X,X
OSILJTZ,X,X
OSILJZT,X,X
OSILZTJ,X,X
OSILZJT,X,X
OSIJTLZ,X,X
OSIJTZL,X,X
OSIJLTZ,X,X
OSIJLZT,X,X
OSIJZTL,X,X
OSIJZLT,X,X
OSIZTLJ,X,X
OSIZTJL,X,X
OSIZLTJ,X,X
OSIZLJT,X,X
OSIZJTL,X,X
OSIZJLT,X,X
OSLTIJZ,X,O
OSLTIZJ,X,O
OSLTJIZ,X,X
OSLTJZI,X,O
OSLTZIJ,X,O
OSLTZJI,X,O
OSLITJZ,X,O
OSLITZJ,X,O
OSLIJTZ,X,O
OSLIJZT,X,O
OSLIZTJ,X,O
OSLIZJT,X,O
OSLJTIZ,X,X
OSLJTZI,X,O
OSLJITZ,X,X
OSLJIZT,X,X
OSLJZTI,X,O
OSLJZIT,X,X
OSLZTIJ,X,O
OSLZTJI,X,O
OSLZITJ,X,O
OSLZIJT,X,O
OSLZJTI,X,O
OSLZJIT,X,X
OSJTILZ,X,X
OSJTIZL,X,X
OSJTLIZ,X,X
OSJTLZI,X,X
OSJTZIL,X,X
OSJTZLI,X,X
OSJITLZ,X,X
OSJITZL,X,X
OSJILTZ,X,X
OSJILZT,X,X
OSJIZTL,X,X
OSJIZLT,X,X
OSJLTIZ,X,X
OSJLTZI,X,X
OSJLITZ,X,X
OSJLIZT,X,X
OSJLZTI,X,X
OSJLZIT,X,X
OSJZTIL,X,X
OSJZTLI,X,X
OSJZITL,X,X
OSJZILT,X,X
OSJZLTI,X,X
OSJZLIT,X,X
OSZTILJ,X,X
OSZTIJL,X,X
OSZTLIJ,X,O
OSZTLJI,X,O
OSZTJIL,X,X
OSZTJLI,X,X
OSZITLJ,X,X
OSZITJL,X,X
OSZILTJ,X,X
OSZILJT,X,X
OSZIJTL,X,X
OSZIJLT,X,X
OSZLTIJ,X,O
OSZLTJI,X,O
OSZLITJ,X,O
OSZLIJT,X,O
OSZLJTI,X,O
OSZLJIT,X,X
OSZJTIL,X,X
OSZJTLI,X,X
OSZJITL,X,X
OSZJILT,X,X
OSZJLTI,X,X
OSZJLIT,X,X
OZTILJS,X,X
OZTILSJ,X,X
OZTIJLS,X,X
OZTIJSL,X,X
OZTISLJ,X,X
OZTISJL,X,X
OZTLIJS,X,O
OZTLISJ,X,O
OZTLJIS,X,X
OZTLJSI,X,O
OZTLSIJ,X,O
OZTLSJI,X,O
OZTJILS,X,X
OZTJISL,X,X
OZTJLIS,X,X
OZTJLSI,X,X
OZTJSIL,X,X
OZTJSLI,X,X
OZTSILJ,X,X
OZTSIJL,X,X
OZTSLIJ,X,O
OZTSLJI,X,O
OZTSJIL,X,X
OZTSJLI,X,X
OZITLJS,X,X
OZITLSJ,X,X
OZITJLS,X,X
OZITJSL,X,X
OZITSLJ,X,X
OZITSJL,X,X
OZILTJS,X,X
OZILTSJ,X,X
OZILJTS,X,X
OZILJST,X,X
OZILSTJ,X,X
OZILSJT,X,X
OZIJTLS,X,X
OZIJTSL,X,X
OZIJLTS,X,X
OZIJLST,X,X
OZIJSTL,X,X
OZIJSLT,X,X
OZISTLJ,X,X
OZISTJL,X,X
OZISLTJ,X,X
OZISLJT,X,X
OZISJTL,X,X
OZISJLT,X,X
OZLTIJS,X,O
OZLTISJ,X,O
OZLTJIS,X,X
OZLTJSI,X,O
OZLTSIJ,X,O
OZLTSJI,X,O
OZLITJS,X,O
OZLITSJ,X,O
OZLIJTS,X,O
OZLIJST,X,O
OZLISTJ,X,O
OZLISJT,X,O
OZLJTIS,X,X
OZLJTSI,X,O
OZLJITS,X,X
OZLJIST,X,X
OZLJSTI,X,O
OZLJSIT,X,X
OZLSTIJ,X,O
OZLSTJI,X,O
OZLSITJ,X,O
OZLSIJT,X,O
OZLSJTI,X,O
OZLSJIT,X,X
OZJTILS,X,X
OZJTISL,X,X
OZJTLIS,X,X
OZJTLSI,X,X
OZJTSIL,X,X
OZJTSLI,X,X
OZJITLS,X,X
OZJITSL,X,X
OZJILTS,X,X
OZJILST,X,X
OZJISTL,X,X
OZJISLT,X,X
OZJLTIS,X,X
OZJLTSI,X,X
OZJLITS,X,X
OZJLIST,X,X
OZJLSTI,X,X
OZJLSIT,X,X
OZJSTIL,X,X
OZJSTLI,X,X
OZJSITL,X,X
OZJSILT,X,X
OZJSLTI,X,X
OZJSLIT,X,X
OZSTILJ,X,X
OZSTIJL,X,X
OZSTLIJ,X,O
OZSTLJI,X,O
OZSTJIL,X,X
OZSTJLI,X,X
OZSITLJ,X,X
OZSITJL,X,X
OZSILTJ,X,X
OZSILJT,X,X
OZSIJTL,X,X
OZSIJLT,X,X
OZSLTIJ,X,O
OZSLTJI,X,O
OZSLITJ,X,O
OZSLIJT,X,O
OZSLJTI,X,O
OZSLJIT,X,X
OZSJTIL,X,X
OZSJTLI,X,X
OZSJITL,X,X
OZSJILT,X,X
OZSJLTI,X,X
OZSJLIT,X,X
